ts,open,high,low,close,volume
2020-09-04 09:00:00+00:00,2850.0,2890.0,2840.0,2860.0,143569100.0
2020-09-07 09:00:00+00:00,2870.0,2910.0,2870.0,2900.0,62206600.0
2020-09-08 09:00:00+00:00,2890.0,2900.0,2860.0,2860.0,80068200.0
2020-09-09 09:00:00+00:00,2850.0,2860.0,2800.0,2800.0,108397400.0
2020-09-10 09:00:00+00:00,2800.0,2800.0,2620.0,2700.0,287496300.0
2020-09-11 09:00:00+00:00,2670.0,2840.0,2650.0,2810.0,197756800.0
2020-09-14 09:00:00+00:00,2830.0,2890.0,2820.0,2890.0,127562700.0
2020-09-15 09:00:00+00:00,2890.0,2900.0,2810.0,2830.0,106215900.0
2020-09-16 09:00:00+00:00,2810.0,2830.0,2770.0,2790.0,68113400.0
2020-09-17 09:00:00+00:00,2810.0,2850.0,2780.0,2820.0,97257400.0
2020-09-18 09:00:00+00:00,2850.0,2890.0,2840.0,2890.0,162116700.0
2020-09-21 09:00:00+00:00,2890.0,2910.0,2800.0,2810.0,100305100.0
2020-09-22 09:00:00+00:00,2790.0,2810.0,2750.0,2780.0,75891600.0
2020-09-23 09:00:00+00:00,2770.0,2810.0,2740.0,2800.0,85953300.0
2020-09-24 09:00:00+00:00,2750.0,2760.0,2710.0,2730.0,74516800.0
2020-09-25 09:00:00+00:00,2720.0,2740.0,2670.0,2690.0,180968900.0
2020-09-28 09:00:00+00:00,2710.0,2730.0,2660.0,2660.0,89256700.0
2020-09-29 09:00:00+00:00,2690.0,2690.0,2630.0,2630.0,155853900.0
2020-09-30 09:00:00+00:00,2630.0,2650.0,2540.0,2560.0,235611600.0
2020-10-01 09:00:00+00:00,2600.0,2760.0,2600.0,2750.0,225006000.0
2020-10-02 09:00:00+00:00,2750.0,2750.0,2650.0,2680.0,140161900.0
2020-10-05 09:00:00+00:00,2690.0,2710.0,2640.0,2650.0,124720200.0
2020-10-06 09:00:00+00:00,2680.0,2700.0,2620.0,2650.0,148977400.0
2020-10-07 09:00:00+00:00,2650.0,2670.0,2620.0,2660.0,110186000.0
2020-10-08 09:00:00+00:00,2670.0,2720.0,2650.0,2700.0,154587800.0
2020-10-09 09:00:00+00:00,2710.0,2750.0,2700.0,2730.0,109122300.0
2020-10-12 09:00:00+00:00,2750.0,2760.0,2710.0,2730.0,77479100.0
2020-10-13 09:00:00+00:00,2730.0,2740.0,2680.0,2730.0,97205500.0
2020-10-14 09:00:00+00:00,2730.0,2830.0,2710.0,2810.0,183236500.0
2020-10-15 09:00:00+00:00,2800.0,2850.0,2760.0,2780.0,138462900.0
2020-10-16 09:00:00+00:00,2780.0,2780.0,2720.0,2750.0,135175000.0
2020-10-19 09:00:00+00:00,2800.0,2810.0,2710.0,2710.0,187840500.0
2020-10-20 09:00:00+00:00,2710.0,2740.0,2670.0,2670.0,168211100.0
2020-10-21 09:00:00+00:00,2680.0,2710.0,2670.0,2680.0,142146300.0
2020-10-22 09:00:00+00:00,2670.0,2720.0,2650.0,2700.0,257179400.0
2020-10-23 09:00:00+00:00,2710.0,2720.0,2630.0,2630.0,166356000.0
2020-10-26 09:00:00+00:00,2630.0,2680.0,2630.0,2650.0,97523200.0
2020-10-27 09:00:00+00:00,2640.0,2690.0,2620.0,2620.0,146366600.0
2020-11-02 09:00:00+00:00,2590.0,2620.0,2550.0,2560.0,391510600.0
2020-11-03 09:00:00+00:00,2570.0,2590.0,2540.0,2580.0,188874000.0
2020-11-04 09:00:00+00:00,2600.0,2640.0,2580.0,2580.0,150678200.0
2020-11-05 09:00:00+00:00,2630.0,2810.0,2620.0,2770.0,369260400.0
2020-11-06 09:00:00+00:00,2800.0,2840.0,2750.0,2830.0,243865800.0
2020-11-09 09:00:00+00:00,2860.0,2900.0,2840.0,2880.0,208192700.0
2020-11-10 09:00:00+00:00,2950.0,2950.0,2860.0,2860.0,195337300.0
2020-11-11 09:00:00+00:00,2900.0,3100.0,2880.0,3080.0,480530200.0
2020-11-12 09:00:00+00:00,3080.0,3080.0,3010.0,3040.0,169609900.0
2020-11-13 09:00:00+00:00,3010.0,3010.0,2950.0,2990.0,186708800.0
2020-11-16 09:00:00+00:00,3040.0,3100.0,3020.0,3070.0,206145500.0
2020-11-17 09:00:00+00:00,3100.0,3270.0,3100.0,3220.0,527501800.0
2020-11-18 09:00:00+00:00,3200.0,3250.0,3160.0,3180.0,239122600.0
2020-11-19 09:00:00+00:00,3150.0,3220.0,3140.0,3170.0,185558800.0
2020-11-20 09:00:00+00:00,3190.0,3270.0,3180.0,3220.0,211892500.0
2020-11-23 09:00:00+00:00,3230.0,3340.0,3220.0,3320.0,260752200.0
2020-11-24 09:00:00+00:00,3350.0,3380.0,3330.0,3350.0,207503900.0
2020-11-25 09:00:00+00:00,3370.0,3390.0,3280.0,3280.0,253156200.0
2020-11-26 09:00:00+00:00,3280.0,3480.0,3280.0,3470.0,374185400.0
2020-11-27 09:00:00+00:00,3480.0,3500.0,3420.0,3460.0,163651600.0
2020-11-30 09:00:00+00:00,3460.0,3470.0,3220.0,3230.0,624142600.0
2020-12-01 09:00:00+00:00,3230.0,3320.0,3160.0,3240.0,277929200.0
2020-12-02 09:00:00+00:00,3270.0,3330.0,3240.0,3330.0,187276600.0
2020-12-03 09:00:00+00:00,3330.0,3360.0,3280.0,3300.0,121434200.0
2020-12-04 09:00:00+00:00,3270.0,3280.0,3210.0,3250.0,170418900.0
2020-12-07 09:00:00+00:00,3280.0,3330.0,3260.0,3330.0,175436900.0
2020-12-08 09:00:00+00:00,3350.0,3350.0,3290.0,3300.0,113775100.0
2020-12-10 09:00:00+00:00,3270.0,3290.0,3250.0,3260.0,229380200.0
2020-12-11 09:00:00+00:00,3270.0,3330.0,3250.0,3280.0,154365400.0
2020-12-14 09:00:00+00:00,3300.0,3340.0,3250.0,3320.0,281474900.0
2020-12-15 09:00:00+00:00,3320.0,3490.0,3290.0,3450.0,410175700.0
2020-12-16 09:00:00+00:00,3500.0,3640.0,3500.0,3610.0,455088400.0
2020-12-17 09:00:00+00:00,3610.0,3620.0,3520.0,3540.0,249797800.0
2020-12-18 09:00:00+00:00,3500.0,3540.0,3500.0,3510.0,187856600.0
2020-12-21 09:00:00+00:00,3530.0,3610.0,3510.0,3520.0,267970200.0
2020-12-22 09:00:00+00:00,3500.0,3540.0,3340.0,3360.0,311860000.0
2020-12-23 09:00:00+00:00,3350.0,3420.0,3240.0,3320.0,240067600.0
2020-12-28 09:00:00+00:00,3370.0,3460.0,3280.0,3430.0,178138100.0
2020-12-29 09:00:00+00:00,3500.0,3530.0,3400.0,3420.0,184525500.0
2020-12-30 09:00:00+00:00,3420.0,3420.0,3310.0,3310.0,150844500.0
2021-01-04 09:00:00+00:00,3320.0,3500.0,3310.0,3490.0,165339800.0
2021-01-05 09:00:00+00:00,3480.0,3480.0,3420.0,3470.0,157800700.0
2021-01-06 09:00:00+00:00,3470.0,3490.0,3330.0,3370.0,177877900.0
2021-01-07 09:00:00+00:00,3390.0,3450.0,3380.0,3390.0,140221900.0
2021-01-08 09:00:00+00:00,3450.0,3620.0,3440.0,3570.0,492643700.0
2021-01-11 09:00:00+00:00,3590.0,3640.0,3570.0,3600.0,271231200.0
2021-01-12 09:00:00+00:00,3600.0,3620.0,3500.0,3510.0,189779500.0
2021-01-13 09:00:00+00:00,3550.0,3550.0,3460.0,3480.0,162329300.0
2021-01-14 09:00:00+00:00,3480.0,3590.0,3470.0,3500.0,187448400.0
2021-01-15 09:00:00+00:00,3510.0,3540.0,3450.0,3480.0,133304300.0
2021-01-18 09:00:00+00:00,3480.0,3520.0,3430.0,3450.0,138913100.0
2021-01-19 09:00:00+00:00,3470.0,3490.0,3370.0,3410.0,144100700.0
2021-01-20 09:00:00+00:00,3420.0,3480.0,3380.0,3470.0,116098100.0
2021-01-21 09:00:00+00:00,3500.0,3520.0,3460.0,3480.0,81801900.0
2021-01-22 09:00:00+00:00,3420.0,3440.0,3360.0,3390.0,165024200.0
2021-01-25 09:00:00+00:00,3370.0,3410.0,3310.0,3370.0,118131800.0
2021-01-26 09:00:00+00:00,3360.0,3390.0,3260.0,3260.0,111414500.0
2021-01-27 09:00:00+00:00,3340.0,3380.0,3260.0,3380.0,159144700.0
2021-01-28 09:00:00+00:00,3280.0,3330.0,3230.0,3240.0,142648800.0
2021-01-29 09:00:00+00:00,3290.0,3290.0,3110.0,3110.0,191915100.0
2021-02-01 09:00:00+00:00,3130.0,3250.0,3040.0,3230.0,133929600.0
2021-02-02 09:00:00+00:00,3300.0,3330.0,3250.0,3270.0,114734600.0
2021-02-03 09:00:00+00:00,3250.0,3330.0,3220.0,3240.0,86433900.0
2021-02-04 09:00:00+00:00,3270.0,3330.0,3260.0,3290.0,80319500.0
2021-02-05 09:00:00+00:00,3320.0,3320.0,3270.0,3290.0,52630500.0
2021-02-08 09:00:00+00:00,3300.0,3370.0,3270.0,3280.0,96635600.0
2021-02-09 09:00:00+00:00,3250.0,3300.0,3180.0,3200.0,157479200.0
2021-02-10 09:00:00+00:00,3180.0,3220.0,3160.0,3190.0,125221400.0
2021-02-11 09:00:00+00:00,3220.0,3230.0,3170.0,3190.0,79940700.0
2021-02-15 09:00:00+00:00,3200.0,3260.0,3200.0,3220.0,88883300.0
2021-02-16 09:00:00+00:00,3200.0,3250.0,3190.0,3210.0,82026300.0
2021-02-17 09:00:00+00:00,3220.0,3250.0,3140.0,3150.0,121105300.0
2021-02-18 09:00:00+00:00,3190.0,3270.0,3180.0,3180.0,151200300.0
2021-02-19 09:00:00+00:00,3180.0,3220.0,3170.0,3210.0,63214600.0
2021-02-22 09:00:00+00:00,3210.0,3240.0,3170.0,3170.0,100425500.0
2021-02-23 09:00:00+00:00,3200.0,3480.0,3200.0,3470.0,354966200.0
2021-02-24 09:00:00+00:00,3490.0,3550.0,3460.0,3480.0,303017100.0
2021-02-25 09:00:00+00:00,3510.0,3570.0,3450.0,3490.0,226833000.0
2021-02-26 09:00:00+00:00,3450.0,3510.0,3410.0,3490.0,230007700.0
2021-03-01 09:00:00+00:00,3490.0,3510.0,3470.0,3490.0,91513500.0
2021-03-02 09:00:00+00:00,3490.0,3500.0,3440.0,3460.0,169061400.0
2021-03-03 09:00:00+00:00,3480.0,3480.0,3420.0,3440.0,82610700.0
2021-03-04 09:00:00+00:00,3420.0,3430.0,3350.0,3360.0,142322100.0
2021-03-05 09:00:00+00:00,3340.0,3370.0,3320.0,3320.0,128546000.0
2021-03-08 09:00:00+00:00,3360.0,3400.0,3330.0,3340.0,80094900.0
2021-03-09 09:00:00+00:00,3370.0,3390.0,3280.0,3290.0,110090800.0
2021-03-10 09:00:00+00:00,3340.0,3420.0,3310.0,3400.0,91631900.0
2021-03-12 09:00:00+00:00,3440.0,3480.0,3430.0,3450.0,100195200.0
2021-03-15 09:00:00+00:00,3440.0,3450.0,3380.0,3380.0,50077300.0
2021-03-16 09:00:00+00:00,3400.0,3410.0,3360.0,3360.0,60111200.0
2021-03-17 09:00:00+00:00,3410.0,3430.0,3370.0,3390.0,61701400.0
2021-03-18 09:00:00+00:00,3450.0,3480.0,3430.0,3450.0,101896400.0
2021-03-19 09:00:00+00:00,3410.0,3440.0,3380.0,3440.0,140000000.0
2021-03-22 09:00:00+00:00,3440.0,3440.0,3380.0,3380.0,53870300.0
2021-03-23 09:00:00+00:00,3390.0,3420.0,3350.0,3360.0,55323200.0
2021-03-24 09:00:00+00:00,3320.0,3390.0,3320.0,3370.0,67173200.0
2021-03-25 09:00:00+00:00,3400.0,3430.0,3380.0,3410.0,107607200.0
2021-03-26 09:00:00+00:00,3410.0,3500.0,3390.0,3490.0,106810400.0
2021-03-29 09:00:00+00:00,3470.0,3490.0,3400.0,3410.0,72214100.0
2021-03-30 09:00:00+00:00,3420.0,3430.0,3360.0,3380.0,66491800.0
2021-03-31 09:00:00+00:00,3380.0,3420.0,3330.0,3420.0,134671900.0
2021-04-01 09:00:00+00:00,3390.0,3440.0,3380.0,3390.0,73332000.0
2021-04-05 09:00:00+00:00,3430.0,3430.0,3370.0,3380.0,36029200.0
2021-04-06 09:00:00+00:00,3400.0,3410.0,3370.0,3370.0,40566400.0
2021-04-07 09:00:00+00:00,3410.0,3430.0,3380.0,3400.0,84754300.0
2021-04-08 09:00:00+00:00,3380.0,3400.0,3380.0,3390.0,59079700.0
2021-04-09 09:00:00+00:00,3390.0,3390.0,3360.0,3360.0,56861400.0
2021-04-12 09:00:00+00:00,3340.0,3390.0,3300.0,3310.0,79003200.0
2021-04-13 09:00:00+00:00,3340.0,3340.0,3300.0,3330.0,51300200.0
2021-04-14 09:00:00+00:00,3360.0,3360.0,3320.0,3340.0,52587500.0
2021-04-15 09:00:00+00:00,3340.0,3360.0,3320.0,3360.0,65669100.0
2021-04-16 09:00:00+00:00,3370.0,3370.0,3320.0,3360.0,52517800.0
2021-04-19 09:00:00+00:00,3330.0,3360.0,3330.0,3340.0,44899700.0
2021-04-20 09:00:00+00:00,3330.0,3350.0,3300.0,3320.0,55700100.0
2021-04-21 09:00:00+00:00,3290.0,3330.0,3280.0,3280.0,47167800.0
2021-04-22 09:00:00+00:00,3290.0,3340.0,3290.0,3330.0,54970000.0
2021-04-23 09:00:00+00:00,3330.0,3330.0,3290.0,3310.0,39798400.0
2021-04-26 09:00:00+00:00,3280.0,3300.0,3250.0,3250.0,55076200.0
2021-04-27 09:00:00+00:00,3240.0,3250.0,3140.0,3160.0,166985400.0
2021-04-28 09:00:00+00:00,3160.0,3170.0,3130.0,3140.0,91596300.0
2021-04-29 09:00:00+00:00,3150.0,3210.0,3140.0,3200.0,111785100.0
2021-04-30 09:00:00+00:00,3220.0,3260.0,3200.0,3200.0,143840800.0
2021-05-03 09:00:00+00:00,3200.0,3210.0,3130.0,3170.0,124724400.0
2021-05-04 09:00:00+00:00,3180.0,3210.0,3170.0,3210.0,60180600.0
2021-05-05 09:00:00+00:00,3210.0,3210.0,3180.0,3200.0,76480300.0
2021-05-06 09:00:00+00:00,3200.0,3200.0,3150.0,3190.0,91955600.0
2021-05-07 09:00:00+00:00,3200.0,3220.0,3180.0,3190.0,98099900.0
2021-05-10 09:00:00+00:00,3190.0,3200.0,3160.0,3170.0,104121900.0
2021-05-11 09:00:00+00:00,3170.0,3200.0,3150.0,3180.0,94281900.0
2021-05-17 09:00:00+00:00,3190.0,3190.0,3150.0,3190.0,114071400.0
2021-05-18 09:00:00+00:00,3190.0,3190.0,3150.0,3180.0,77310400.0
2021-05-19 09:00:00+00:00,3150.0,3220.0,3150.0,3160.0,48958100.0
2021-05-20 09:00:00+00:00,3190.0,3320.0,3180.0,3310.0,197430900.0
2021-05-21 09:00:00+00:00,3340.0,3350.0,3270.0,3270.0,104101400.0
2021-05-24 09:00:00+00:00,3290.0,3330.0,3220.0,3260.0,64347100.0
2021-05-25 09:00:00+00:00,3290.0,3320.0,3270.0,3300.0,62218300.0
2021-05-27 09:00:00+00:00,3350.0,3400.0,3330.0,3380.0,233551300.0
2021-05-28 09:00:00+00:00,3380.0,3400.0,3260.0,3270.0,87439800.0
2021-05-31 09:00:00+00:00,3300.0,3460.0,3300.0,3440.0,155768200.0
2021-06-02 09:00:00+00:00,3490.0,3500.0,3420.0,3450.0,108933400.0
2021-06-03 09:00:00+00:00,3420.0,3490.0,3420.0,3490.0,77627900.0
2021-06-04 09:00:00+00:00,3490.0,3510.0,3450.0,3500.0,70624200.0
2021-06-07 09:00:00+00:00,3540.0,3570.0,3500.0,3550.0,124440300.0
2021-06-08 09:00:00+00:00,3550.0,3550.0,3470.0,3500.0,132409400.0
2021-06-09 09:00:00+00:00,3340.0,3400.0,3310.0,3390.0,112204200.0
2021-06-10 09:00:00+00:00,3350.0,3500.0,3340.0,3480.0,137713700.0
2021-06-11 09:00:00+00:00,3490.0,3500.0,3420.0,3470.0,82336600.0
2021-06-14 09:00:00+00:00,3460.0,3470.0,3400.0,3410.0,46016500.0
2021-06-15 09:00:00+00:00,3410.0,3440.0,3380.0,3440.0,60528600.0
2021-06-16 09:00:00+00:00,3380.0,3430.0,3380.0,3410.0,39149800.0
2021-06-17 09:00:00+00:00,3370.0,3420.0,3350.0,3350.0,50286100.0
2021-06-18 09:00:00+00:00,3350.0,3400.0,3290.0,3350.0,168414300.0
2021-06-21 09:00:00+00:00,3280.0,3340.0,3260.0,3300.0,74248200.0
2021-06-22 09:00:00+00:00,3300.0,3370.0,3290.0,3300.0,89349200.0
2021-06-23 09:00:00+00:00,3310.0,3420.0,3310.0,3370.0,81901000.0
2021-06-24 09:00:00+00:00,3330.0,3360.0,3240.0,3250.0,101334200.0
2021-06-25 09:00:00+00:00,3250.0,3300.0,3240.0,3250.0,58330700.0
2021-06-28 09:00:00+00:00,3250.0,3260.0,3170.0,3170.0,66338900.0
2021-06-29 09:00:00+00:00,3190.0,3260.0,3150.0,3160.0,123411200.0
2021-06-30 09:00:00+00:00,3150.0,3180.0,3130.0,3150.0,142204500.0
2021-07-01 09:00:00+00:00,3160.0,3170.0,3090.0,3110.0,143665900.0
2021-07-02 09:00:00+00:00,3110.0,3130.0,3060.0,3070.0,161855700.0
2021-07-05 09:00:00+00:00,3070.0,3090.0,3010.0,3040.0,133815000.0
2021-07-06 09:00:00+00:00,3050.0,3070.0,3000.0,3010.0,151573500.0
2021-07-07 09:00:00+00:00,3030.0,3070.0,3010.0,3030.0,110215500.0
2021-07-08 09:00:00+00:00,3060.0,3060.0,3000.0,3010.0,132576600.0
2021-07-09 09:00:00+00:00,3040.0,3170.0,3030.0,3160.0,222916400.0
2021-07-12 09:00:00+00:00,3190.0,3190.0,3110.0,3130.0,86268000.0
2021-07-13 09:00:00+00:00,3160.0,3160.0,3050.0,3070.0,82856600.0
2021-07-14 09:00:00+00:00,3050.0,3070.0,3020.0,3060.0,84993400.0
2021-07-15 09:00:00+00:00,3110.0,3140.0,3080.0,3130.0,88092800.0
2021-07-16 09:00:00+00:00,3140.0,3170.0,3110.0,3170.0,63626300.0
2021-07-19 09:00:00+00:00,3160.0,3230.0,3150.0,3220.0,116219500.0
2021-07-21 09:00:00+00:00,3190.0,3240.0,3180.0,3210.0,115099400.0
2021-07-22 09:00:00+00:00,3210.0,3260.0,3210.0,3260.0,48865700.0
2021-07-23 09:00:00+00:00,3250.0,3250.0,3150.0,3170.0,67128400.0
2021-07-26 09:00:00+00:00,3140.0,3200.0,3140.0,3190.0,55525800.0
2021-07-27 09:00:00+00:00,3210.0,3270.0,3160.0,3270.0,62673400.0
2021-07-28 09:00:00+00:00,3250.0,3250.0,3150.0,3190.0,103282300.0
2021-07-29 09:00:00+00:00,3210.0,3290.0,3200.0,3230.0,126542400.0
2021-07-30 09:00:00+00:00,3200.0,3290.0,3200.0,3240.0,95143100.0
2021-08-02 09:00:00+00:00,3240.0,3310.0,3210.0,3310.0,60368200.0
2021-08-03 09:00:00+00:00,3310.0,3360.0,3290.0,3330.0,89712500.0
2021-08-04 09:00:00+00:00,3330.0,3370.0,3310.0,3370.0,63108600.0
2021-08-05 09:00:00+00:00,3360.0,3400.0,3320.0,3340.0,89742800.0
2021-08-06 09:00:00+00:00,3360.0,3380.0,3310.0,3320.0,31664200.0
2021-08-09 09:00:00+00:00,3260.0,3300.0,3220.0,3250.0,70299500.0
2021-08-10 09:00:00+00:00,3240.0,3270.0,3190.0,3230.0,57658000.0
2021-08-12 09:00:00+00:00,3260.0,3350.0,3240.0,3350.0,93133400.0
2021-08-13 09:00:00+00:00,3370.0,3380.0,3260.0,3300.0,59903600.0
2021-08-16 09:00:00+00:00,3300.0,3340.0,3290.0,3340.0,38661800.0
2021-08-18 09:00:00+00:00,3360.0,3440.0,3350.0,3420.0,162921300.0
2021-08-19 09:00:00+00:00,3410.0,3430.0,3360.0,3390.0,100851800.0
2021-08-20 09:00:00+00:00,3390.0,3430.0,3370.0,3400.0,113411000.0
2021-08-23 09:00:00+00:00,3420.0,3440.0,3400.0,3440.0,64122400.0
2021-08-24 09:00:00+00:00,3410.0,3420.0,3310.0,3400.0,69338100.0
2021-08-25 09:00:00+00:00,3390.0,3390.0,3330.0,3370.0,66618200.0
2021-08-26 09:00:00+00:00,3330.0,3360.0,3320.0,3360.0,55756100.0
2021-08-27 09:00:00+00:00,3370.0,3370.0,3310.0,3320.0,62419000.0
2021-08-30 09:00:00+00:00,3330.0,3400.0,3330.0,3400.0,64177700.0
2021-08-31 09:00:00+00:00,3400.0,3420.0,3360.0,3400.0,130019000.0
2021-09-01 09:00:00+00:00,3420.0,3420.0,3330.0,3340.0,85135200.0
2021-09-02 09:00:00+00:00,3350.0,3390.0,3350.0,3370.0,51633800.0
2021-09-03 09:00:00+00:00,3400.0,3420.0,3370.0,3390.0,65479800.0
2021-09-06 09:00:00+00:00,3410.0,3410.0,3380.0,3390.0,52640400.0
2021-09-07 09:00:00+00:00,3410.0,3410.0,3360.0,3380.0,42617400.0
2021-09-08 09:00:00+00:00,3400.0,3400.0,3310.0,3330.0,80636800.0
2021-09-09 09:00:00+00:00,3360.0,3390.0,3330.0,3390.0,82214400.0
2021-09-10 09:00:00+00:00,3380.0,3390.0,3320.0,3330.0,52115300.0
2021-09-13 09:00:00+00:00,3310.0,3350.0,3300.0,3350.0,45547200.0
2021-09-14 09:00:00+00:00,3380.0,3450.0,3350.0,3440.0,166002100.0
2021-09-15 09:00:00+00:00,3430.0,3450.0,3410.0,3450.0,73158300.0
2021-09-16 09:00:00+00:00,3470.0,3470.0,3400.0,3440.0,58318700.0
2021-09-17 09:00:00+00:00,3400.0,3530.0,3390.0,3530.0,117573100.0
2021-09-20 09:00:00+00:00,3500.0,3520.0,3460.0,3520.0,83985100.0
2021-09-21 09:00:00+00:00,3500.0,3560.0,3480.0,3530.0,95848100.0
2021-09-22 09:00:00+00:00,3530.0,3590.0,3520.0,3590.0,66835200.0
2021-09-23 09:00:00+00:00,3600.0,3610.0,3550.0,3560.0,104737500.0
2021-09-24 09:00:00+00:00,3560.0,3580.0,3540.0,3560.0,72224500.0
2021-09-27 09:00:00+00:00,3530.0,3560.0,3480.0,3520.0,87303000.0
2021-09-28 09:00:00+00:00,3510.0,3540.0,3490.0,3530.0,54671700.0
2021-09-29 09:00:00+00:00,3490.0,3540.0,3490.0,3530.0,53170100.0
2021-09-30 09:00:00+00:00,3550.0,3690.0,3540.0,3690.0,153853900.0
2021-10-01 09:00:00+00:00,3680.0,3690.0,3610.0,3660.0,109898400.0
2021-10-04 09:00:00+00:00,3620.0,3670.0,3600.0,3670.0,82205100.0
2021-10-05 09:00:00+00:00,3670.0,3680.0,3620.0,3670.0,140488300.0
2021-10-06 09:00:00+00:00,3690.0,3770.0,3650.0,3760.0,153535700.0
2021-10-07 09:00:00+00:00,3720.0,3740.0,3690.0,3720.0,56837600.0
2021-10-08 09:00:00+00:00,3730.0,3800.0,3720.0,3800.0,91361800.0
2021-10-11 09:00:00+00:00,3800.0,3850.0,3770.0,3810.0,78865000.0
2021-10-12 09:00:00+00:00,3780.0,3840.0,3770.0,3780.0,69866300.0
2021-10-13 09:00:00+00:00,3750.0,3820.0,3750.0,3770.0,87143900.0
2021-10-14 09:00:00+00:00,3770.0,3830.0,3770.0,3830.0,95817900.0
2021-10-15 09:00:00+00:00,3840.0,3840.0,3750.0,3810.0,69707700.0
2021-10-18 09:00:00+00:00,3840.0,3840.0,3790.0,3790.0,78580700.0
2021-10-19 09:00:00+00:00,3750.0,3800.0,3720.0,3740.0,61095700.0
2021-10-21 09:00:00+00:00,3780.0,3880.0,3760.0,3850.0,169659500.0
2021-10-22 09:00:00+00:00,3860.0,3880.0,3820.0,3870.0,59640700.0
2021-10-25 09:00:00+00:00,3800.0,3840.0,3780.0,3780.0,58246300.0
2021-10-26 09:00:00+00:00,3800.0,3830.0,3780.0,3800.0,58615100.0
2021-10-27 09:00:00+00:00,3820.0,3830.0,3770.0,3790.0,52210100.0
2021-10-28 09:00:00+00:00,3820.0,3820.0,3710.0,3750.0,61151100.0
2021-10-29 09:00:00+00:00,3750.0,3810.0,3730.0,3800.0,70430900.0
2021-11-01 09:00:00+00:00,3810.0,3820.0,3700.0,3700.0,65447100.0
2021-11-02 09:00:00+00:00,3700.0,3710.0,3640.0,3660.0,170260000.0
2021-11-03 09:00:00+00:00,3620.0,3740.0,3620.0,3720.0,48810500.0
2021-11-04 09:00:00+00:00,3750.0,3780.0,3720.0,3770.0,53494200.0
2021-11-05 09:00:00+00:00,3760.0,3770.0,3710.0,3770.0,43133000.0
2021-11-08 09:00:00+00:00,3780.0,3780.0,3710.0,3750.0,58758600.0
2021-11-09 09:00:00+00:00,3730.0,3740.0,3680.0,3710.0,92427800.0
2021-11-10 09:00:00+00:00,3670.0,3720.0,3670.0,3700.0,53511200.0
2021-11-11 09:00:00+00:00,3700.0,3730.0,3640.0,3650.0,95789600.0
2021-11-12 09:00:00+00:00,3660.0,3660.0,3600.0,3600.0,115142400.0
2021-11-15 09:00:00+00:00,3600.0,3650.0,3600.0,3600.0,91001800.0
2021-11-16 09:00:00+00:00,3590.0,3680.0,3590.0,3670.0,99590700.0
2021-11-17 09:00:00+00:00,3690.0,3690.0,3600.0,3630.0,82023300.0
2021-11-18 09:00:00+00:00,3630.0,3640.0,3600.0,3630.0,53290400.0
2021-11-19 09:00:00+00:00,3660.0,3920.0,3660.0,3900.0,310615000.0
2021-11-22 09:00:00+00:00,3920.0,3930.0,3780.0,3800.0,206683100.0
2021-11-23 09:00:00+00:00,3800.0,3850.0,3780.0,3800.0,67778800.0
2021-11-24 09:00:00+00:00,3840.0,3840.0,3790.0,3800.0,67303800.0
2021-11-25 09:00:00+00:00,3880.0,4090.0,3850.0,4000.0,264897100.0
2021-11-26 09:00:00+00:00,4040.0,4050.0,3970.0,4010.0,231870300.0
2021-11-29 09:00:00+00:00,4010.0,4170.0,3980.0,4140.0,228774600.0
2021-11-30 09:00:00+00:00,4150.0,4170.0,3990.0,3990.0,435800600.0
2021-12-01 09:00:00+00:00,4040.0,4150.0,4020.0,4080.0,200699200.0
2021-12-02 09:00:00+00:00,4140.0,4190.0,4100.0,4160.0,116093100.0
2021-12-03 09:00:00+00:00,4130.0,4180.0,4050.0,4070.0,96760700.0
2021-12-06 09:00:00+00:00,4060.0,4250.0,4050.0,4170.0,106756900.0
2021-12-07 09:00:00+00:00,4180.0,4200.0,4120.0,4150.0,121543400.0
2021-12-08 09:00:00+00:00,4100.0,4120.0,4010.0,4090.0,113845600.0
2021-12-09 09:00:00+00:00,4090.0,4150.0,4080.0,4150.0,86985800.0
2021-12-10 09:00:00+00:00,4070.0,4150.0,4070.0,4150.0,90725000.0
2021-12-13 09:00:00+00:00,4150.0,4150.0,4080.0,4080.0,65533000.0
2021-12-14 09:00:00+00:00,4120.0,4120.0,4070.0,4100.0,75736900.0
2021-12-15 09:00:00+00:00,4060.0,4140.0,4060.0,4080.0,84424500.0
2021-12-16 09:00:00+00:00,4110.0,4150.0,4060.0,4100.0,98164300.0
2021-12-17 09:00:00+00:00,4010.0,4100.0,4010.0,4100.0,149615800.0
2021-12-20 09:00:00+00:00,4070.0,4110.0,4040.0,4080.0,72794200.0
2021-12-21 09:00:00+00:00,4110.0,4190.0,4100.0,4160.0,98039300.0
2021-12-22 09:00:00+00:00,4160.0,4170.0,4110.0,4110.0,50574500.0
2021-12-23 09:00:00+00:00,4110.0,4160.0,4100.0,4160.0,54508200.0
2021-12-24 09:00:00+00:00,4160.0,4170.0,4100.0,4110.0,29075600.0
2021-12-27 09:00:00+00:00,4150.0,4150.0,4070.0,4080.0,30748000.0
2021-12-28 09:00:00+00:00,4080.0,4130.0,4050.0,4090.0,39443300.0
2021-12-29 09:00:00+00:00,4100.0,4130.0,4080.0,4080.0,25596100.0
2021-12-30 09:00:00+00:00,4130.0,4130.0,4040.0,4040.0,50575100.0
2022-01-03 09:00:00+00:00,4060.0,4180.0,4050.0,4180.0,65937900.0
2022-01-04 09:00:00+00:00,4180.0,4200.0,4150.0,4170.0,42984700.0
2022-01-05 09:00:00+00:00,4150.0,4190.0,4030.0,4050.0,119584700.0
2022-01-06 09:00:00+00:00,4090.0,4120.0,4030.0,4120.0,89197500.0
2022-01-07 09:00:00+00:00,4120.0,4190.0,4090.0,4170.0,68415100.0
2022-01-10 09:00:00+00:00,4180.0,4190.0,4100.0,4100.0,44921200.0
2022-01-11 09:00:00+00:00,4120.0,4160.0,4090.0,4090.0,61890200.0
2022-01-12 09:00:00+00:00,4110.0,4140.0,4070.0,4110.0,45132700.0
2022-01-13 09:00:00+00:00,4170.0,4180.0,4110.0,4180.0,84148400.0
2022-01-14 09:00:00+00:00,4140.0,4190.0,4130.0,4190.0,28193100.0
2022-01-17 09:00:00+00:00,4200.0,4200.0,4140.0,4180.0,39816300.0
2022-01-18 09:00:00+00:00,4200.0,4250.0,4160.0,4250.0,112212200.0
2022-01-19 09:00:00+00:00,4260.0,4260.0,4230.0,4250.0,88713900.0
2022-01-20 09:00:00+00:00,4300.0,4300.0,4190.0,4220.0,100014500.0
2022-01-21 09:00:00+00:00,4240.0,4330.0,4190.0,4330.0,75534800.0
2022-01-24 09:00:00+00:00,4260.0,4310.0,4250.0,4300.0,70404500.0
2022-01-25 09:00:00+00:00,4310.0,4320.0,4250.0,4290.0,116353600.0
2022-01-26 09:00:00+00:00,4380.0,4390.0,4290.0,4390.0,127641400.0
2022-01-27 09:00:00+00:00,4400.0,4400.0,4260.0,4270.0,98613900.0
2022-01-28 09:00:00+00:00,4260.0,4300.0,4230.0,4260.0,61686700.0
2022-01-31 09:00:00+00:00,4210.0,4250.0,4190.0,4190.0,88735900.0
2022-02-02 09:00:00+00:00,4170.0,4200.0,4150.0,4170.0,144006000.0
2022-02-03 09:00:00+00:00,4200.0,4210.0,4160.0,4200.0,58212400.0
2022-02-04 09:00:00+00:00,4260.0,4260.0,4180.0,4230.0,98728700.0
2022-02-07 09:00:00+00:00,4230.0,4290.0,4210.0,4290.0,90285800.0
2022-02-08 09:00:00+00:00,4280.0,4280.0,4230.0,4230.0,71210400.0
2022-02-09 09:00:00+00:00,4280.0,4280.0,4210.0,4280.0,95375000.0
2022-02-10 09:00:00+00:00,4400.0,4470.0,4340.0,4460.0,233984700.0
2022-02-11 09:00:00+00:00,4500.0,4550.0,4410.0,4450.0,130081900.0
2022-02-14 09:00:00+00:00,4380.0,4400.0,4310.0,4400.0,104903700.0
2022-02-15 09:00:00+00:00,4400.0,4440.0,4360.0,4410.0,75305900.0
2022-02-16 09:00:00+00:00,4420.0,4460.0,4380.0,4400.0,90121200.0
2022-02-17 09:00:00+00:00,4400.0,4440.0,4360.0,4410.0,72970200.0
2022-02-18 09:00:00+00:00,4420.0,4440.0,4370.0,4400.0,71111300.0
2022-02-21 09:00:00+00:00,4370.0,4420.0,4340.0,4370.0,58883000.0
2022-02-22 09:00:00+00:00,4320.0,4360.0,4250.0,4300.0,106985800.0
2022-02-23 09:00:00+00:00,4280.0,4370.0,4270.0,4350.0,110562400.0
2022-02-24 09:00:00+00:00,4280.0,4320.0,4200.0,4240.0,126158600.0
2022-02-25 09:00:00+00:00,4240.0,4350.0,4240.0,4340.0,208757000.0
2022-03-01 09:00:00+00:00,4640.0,4650.0,4350.0,4350.0,206416900.0
2022-03-02 09:00:00+00:00,4400.0,4400.0,4270.0,4290.0,152165300.0
2022-03-04 09:00:00+00:00,4440.0,4440.0,4300.0,4400.0,155369100.0
2022-03-07 09:00:00+00:00,4400.0,4530.0,4370.0,4510.0,177360400.0
2022-03-08 09:00:00+00:00,4600.0,4700.0,4540.0,4620.0,234086000.0
2022-03-09 09:00:00+00:00,4550.0,4620.0,4420.0,4440.0,145145900.0
2022-03-10 09:00:00+00:00,4500.0,4500.0,4380.0,4410.0,130830800.0
2022-03-11 09:00:00+00:00,4410.0,4590.0,4400.0,4590.0,143446200.0
2022-03-14 09:00:00+00:00,4650.0,4670.0,4540.0,4580.0,166572700.0
2022-03-15 09:00:00+00:00,4630.0,4630.0,4570.0,4620.0,231077800.0
2022-03-16 09:00:00+00:00,4660.0,4660.0,4550.0,4630.0,109961900.0
2022-03-17 09:00:00+00:00,4550.0,4580.0,4450.0,4480.0,246300800.0
2022-03-18 09:00:00+00:00,4490.0,4540.0,4470.0,4540.0,210266100.0
2022-03-21 09:00:00+00:00,4550.0,4570.0,4520.0,4550.0,79691600.0
2022-03-22 09:00:00+00:00,4550.0,4580.0,4540.0,4550.0,98699900.0
2022-03-23 09:00:00+00:00,4550.0,4570.0,4500.0,4550.0,78299500.0
2022-03-24 09:00:00+00:00,4500.0,4570.0,4500.0,4560.0,89578400.0
2022-03-25 09:00:00+00:00,4510.0,4540.0,4480.0,4520.0,90053700.0
2022-03-28 09:00:00+00:00,4510.0,4600.0,4500.0,4600.0,184131000.0
2022-03-29 09:00:00+00:00,4600.0,4620.0,4560.0,4560.0,77920800.0
2022-03-30 09:00:00+00:00,4620.0,4620.0,4560.0,4580.0,118749100.0
2022-03-31 09:00:00+00:00,4620.0,4640.0,4560.0,4580.0,108109700.0
2022-04-01 09:00:00+00:00,4550.0,4580.0,4530.0,4580.0,86590300.0
2022-04-04 09:00:00+00:00,4560.0,4570.0,4490.0,4540.0,103480300.0
2022-04-05 09:00:00+00:00,4550.0,4550.0,4500.0,4520.0,52172300.0
2022-04-06 09:00:00+00:00,4490.0,4500.0,4420.0,4430.0,108368800.0
2022-04-07 09:00:00+00:00,4450.0,4540.0,4440.0,4540.0,143921800.0
2022-04-08 09:00:00+00:00,4580.0,4610.0,4560.0,4580.0,161974500.0
2022-04-11 09:00:00+00:00,4610.0,4610.0,4550.0,4590.0,90521500.0
2022-04-12 09:00:00+00:00,4620.0,4630.0,4580.0,4630.0,187948000.0
2022-04-13 09:00:00+00:00,4700.0,4720.0,4650.0,4690.0,196864200.0
2022-04-14 09:00:00+00:00,4700.0,4730.0,4660.0,4680.0,112735200.0
2022-04-18 09:00:00+00:00,4720.0,4730.0,4690.0,4710.0,120778200.0
2022-04-19 09:00:00+00:00,4740.0,4750.0,4680.0,4680.0,92268300.0
2022-04-20 09:00:00+00:00,4680.0,4690.0,4620.0,4630.0,88360900.0
2022-04-21 09:00:00+00:00,4620.0,4670.0,4600.0,4620.0,97575800.0
2022-04-22 09:00:00+00:00,4620.0,4680.0,4580.0,4620.0,101299100.0
2022-04-25 09:00:00+00:00,4610.0,4720.0,4580.0,4710.0,92045500.0
2022-04-26 09:00:00+00:00,4680.0,4760.0,4670.0,4760.0,85945800.0
2022-04-27 09:00:00+00:00,4720.0,4790.0,4720.0,4770.0,136485600.0
2022-04-28 09:00:00+00:00,4850.0,4850.0,4620.0,4620.0,198484800.0
2022-05-09 09:00:00+00:00,4560.0,4560.0,4300.0,4310.0,343682000.0
2022-05-10 09:00:00+00:00,4120.0,4380.0,4120.0,4340.0,281386300.0
2022-05-11 09:00:00+00:00,4400.0,4480.0,4330.0,4330.0,154455400.0
2022-05-12 09:00:00+00:00,4340.0,4390.0,4250.0,4300.0,233518500.0
2022-05-13 09:00:00+00:00,4250.0,4350.0,4230.0,4260.0,190889200.0
2022-05-17 09:00:00+00:00,4250.0,4290.0,4180.0,4180.0,170880700.0
2022-05-18 09:00:00+00:00,4230.0,4290.0,4190.0,4250.0,185359500.0
2022-05-19 09:00:00+00:00,4180.0,4230.0,4150.0,4210.0,112679300.0
2022-05-20 09:00:00+00:00,4220.0,4230.0,4170.0,4170.0,141701800.0
2022-05-23 09:00:00+00:00,4160.0,4180.0,4070.0,4110.0,196569900.0
2022-05-24 09:00:00+00:00,4120.0,4200.0,4120.0,4150.0,151693700.0
2022-05-25 09:00:00+00:00,4200.0,4210.0,4150.0,4200.0,166595400.0
2022-05-27 09:00:00+00:00,4260.0,4300.0,4210.0,4300.0,186513500.0
2022-05-30 09:00:00+00:00,4340.0,4340.0,4200.0,4250.0,107614100.0
2022-05-31 09:00:00+00:00,4270.0,4330.0,4230.0,4310.0,469620300.0
2022-06-02 09:00:00+00:00,4390.0,4390.0,4270.0,4290.0,164481100.0
2022-06-03 09:00:00+00:00,4310.0,4390.0,4300.0,4310.0,108852800.0
2022-06-06 09:00:00+00:00,4310.0,4340.0,4270.0,4340.0,79319400.0
2022-06-07 09:00:00+00:00,4340.0,4340.0,4250.0,4250.0,142504000.0
2022-06-08 09:00:00+00:00,4150.0,4170.0,4080.0,4100.0,202555900.0
2022-06-09 09:00:00+00:00,4080.0,4130.0,4050.0,4050.0,148580200.0
2022-06-10 09:00:00+00:00,4040.0,4080.0,4000.0,4020.0,189186700.0
2022-06-13 09:00:00+00:00,3950.0,4100.0,3930.0,4080.0,156054900.0
2022-06-14 09:00:00+00:00,4050.0,4120.0,4020.0,4110.0,117325600.0
2022-06-15 09:00:00+00:00,4060.0,4080.0,4030.0,4060.0,94848800.0
2022-06-16 09:00:00+00:00,4120.0,4120.0,4030.0,4040.0,96042200.0
2022-06-17 09:00:00+00:00,4010.0,4120.0,3980.0,4120.0,169375800.0
2022-06-20 09:00:00+00:00,4050.0,4060.0,4000.0,4040.0,82101200.0
2022-06-21 09:00:00+00:00,4060.0,4120.0,4030.0,4110.0,77489000.0
2022-06-22 09:00:00+00:00,4090.0,4090.0,4040.0,4050.0,60907800.0
2022-06-23 09:00:00+00:00,4030.0,4160.0,4030.0,4160.0,101065400.0
2022-06-24 09:00:00+00:00,4230.0,4230.0,4100.0,4150.0,81050700.0
2022-06-27 09:00:00+00:00,4110.0,4120.0,4040.0,4070.0,71574300.0
2022-06-28 09:00:00+00:00,4010.0,4050.0,4000.0,4030.0,128618800.0
2022-06-29 09:00:00+00:00,4000.0,4080.0,4000.0,4040.0,72888100.0
2022-06-30 09:00:00+00:00,4110.0,4110.0,4000.0,4000.0,116718900.0
2022-07-01 09:00:00+00:00,4010.0,4040.0,4000.0,4020.0,39572500.0
2022-07-04 09:00:00+00:00,4020.0,4040.0,3840.0,3990.0,115885200.0
2022-07-05 09:00:00+00:00,4010.0,4070.0,3950.0,3990.0,72329600.0
2022-07-06 09:00:00+00:00,4050.0,4050.0,3970.0,4020.0,62679000.0
2022-07-07 09:00:00+00:00,4040.0,4050.0,4010.0,4040.0,42393800.0
2022-07-08 09:00:00+00:00,4050.0,4060.0,4000.0,4010.0,64049000.0
2022-07-11 09:00:00+00:00,4100.0,4100.0,4000.0,4040.0,42258000.0
2022-07-12 09:00:00+00:00,4060.0,4060.0,4010.0,4010.0,43399800.0
2022-07-13 09:00:00+00:00,4010.0,4030.0,3930.0,3940.0,96218200.0
2022-07-14 09:00:00+00:00,3940.0,4020.0,3900.0,4020.0,68708500.0
2022-07-15 09:00:00+00:00,4040.0,4210.0,4010.0,4150.0,146093800.0
2022-07-18 09:00:00+00:00,4110.0,4190.0,4070.0,4190.0,84009400.0
2022-07-19 09:00:00+00:00,4190.0,4190.0,4130.0,4160.0,91367900.0
2022-07-20 09:00:00+00:00,4140.0,4220.0,4140.0,4210.0,82344000.0
2022-07-21 09:00:00+00:00,4210.0,4260.0,4180.0,4260.0,107234600.0
2022-07-22 09:00:00+00:00,4240.0,4240.0,4190.0,4230.0,59792300.0
2022-07-25 09:00:00+00:00,4240.0,4260.0,4220.0,4240.0,37218000.0
2022-07-26 09:00:00+00:00,4240.0,4250.0,4190.0,4250.0,49786900.0
2022-07-27 09:00:00+00:00,4230.0,4300.0,4210.0,4300.0,60672300.0
2022-07-28 09:00:00+00:00,4310.0,4320.0,4190.0,4240.0,110767300.0
2022-07-29 09:00:00+00:00,4280.0,4300.0,4210.0,4230.0,108823600.0
2022-08-01 09:00:00+00:00,4230.0,4300.0,4230.0,4300.0,104724300.0
2022-08-02 09:00:00+00:00,4350.0,4450.0,4250.0,4450.0,112228800.0
2022-08-03 09:00:00+00:00,4450.0,4590.0,4410.0,4500.0,251825000.0
2022-08-04 09:00:00+00:00,4450.0,4550.0,4450.0,4550.0,186881500.0
2022-08-05 09:00:00+00:00,4590.0,4650.0,4530.0,4650.0,268967200.0
2022-08-08 09:00:00+00:00,4700.0,4700.0,4650.0,4700.0,191023500.0
2022-08-09 09:00:00+00:00,4700.0,4700.0,4630.0,4640.0,164453900.0
2022-08-10 09:00:00+00:00,4530.0,4590.0,4490.0,4560.0,162061400.0
2022-08-11 09:00:00+00:00,4550.0,4610.0,4520.0,4570.0,123629000.0
2022-08-12 09:00:00+00:00,4570.0,4600.0,4530.0,4550.0,124552500.0
2022-08-15 09:00:00+00:00,4540.0,4570.0,4440.0,4450.0,136882800.0
2022-08-16 09:00:00+00:00,4530.0,4580.0,4410.0,4410.0,127710800.0
2022-08-18 09:00:00+00:00,4360.0,4550.0,4350.0,4550.0,182044300.0
2022-08-19 09:00:00+00:00,4560.0,4610.0,4460.0,4600.0,177623900.0
2022-08-22 09:00:00+00:00,4550.0,4660.0,4530.0,4650.0,202320400.0
2022-08-23 09:00:00+00:00,4680.0,4710.0,4610.0,4660.0,229431400.0
2022-08-24 09:00:00+00:00,4660.0,4770.0,4600.0,4750.0,189007900.0
2022-08-25 09:00:00+00:00,4680.0,4700.0,4560.0,4570.0,179495700.0
2022-08-26 09:00:00+00:00,4510.0,4540.0,4480.0,4490.0,184317100.0
2022-08-29 09:00:00+00:00,4370.0,4550.0,4360.0,4520.0,101529800.0
2022-08-30 09:00:00+00:00,4580.0,4620.0,4480.0,4480.0,118884300.0
2022-08-31 09:00:00+00:00,4420.0,4600.0,4420.0,4560.0,175300400.0
2022-09-01 09:00:00+00:00,4560.0,4650.0,4530.0,4580.0,120871700.0
2022-09-02 09:00:00+00:00,4540.0,4620.0,4540.0,4600.0,106985000.0
2022-09-05 09:00:00+00:00,4560.0,4630.0,4550.0,4620.0,77323800.0
2022-09-06 09:00:00+00:00,4610.0,4620.0,4510.0,4510.0,61970100.0
2022-09-07 09:00:00+00:00,4500.0,4560.0,4480.0,4490.0,106145700.0
2022-09-08 09:00:00+00:00,4500.0,4640.0,4500.0,4560.0,123389200.0
2022-09-09 09:00:00+00:00,4550.0,4600.0,4530.0,4600.0,50307800.0
2022-09-12 09:00:00+00:00,4600.0,4600.0,4530.0,4540.0,74820600.0
2022-09-13 09:00:00+00:00,4540.0,4560.0,4520.0,4520.0,91510200.0
2022-09-14 09:00:00+00:00,4490.0,4530.0,4460.0,4480.0,97919200.0
2022-09-15 09:00:00+00:00,4540.0,4600.0,4500.0,4500.0,125599900.0
2022-09-16 09:00:00+00:00,4500.0,4500.0,4410.0,4410.0,210277300.0
2022-09-19 09:00:00+00:00,4460.0,4560.0,4440.0,4500.0,116164500.0
2022-09-20 09:00:00+00:00,4530.0,4540.0,4480.0,4480.0,100743700.0
2022-09-21 09:00:00+00:00,4450.0,4470.0,4410.0,4430.0,91363200.0
2022-09-22 09:00:00+00:00,4400.0,4450.0,4380.0,4430.0,89922900.0
2022-09-23 09:00:00+00:00,4400.0,4430.0,4380.0,4380.0,95911400.0
2022-09-26 09:00:00+00:00,4390.0,4510.0,4300.0,4460.0,132185400.0
2022-09-27 09:00:00+00:00,4450.0,4470.0,4380.0,4440.0,123113800.0
2022-09-28 09:00:00+00:00,4430.0,4530.0,4400.0,4470.0,104385500.0
2022-09-29 09:00:00+00:00,4460.0,4500.0,4420.0,4440.0,90290400.0
2022-09-30 09:00:00+00:00,4400.0,4500.0,4390.0,4460.0,111482000.0
2022-10-03 09:00:00+00:00,4460.0,4470.0,4380.0,4460.0,77569100.0
2022-10-04 09:00:00+00:00,4460.0,4510.0,4430.0,4440.0,87832800.0
2022-10-05 09:00:00+00:00,4490.0,4540.0,4460.0,4460.0,61888400.0
2022-10-06 09:00:00+00:00,4460.0,4480.0,4420.0,4430.0,60464300.0
2022-10-07 09:00:00+00:00,4400.0,4430.0,4350.0,4350.0,102570000.0
2022-10-10 09:00:00+00:00,4340.0,4420.0,4330.0,4420.0,72389100.0
2022-10-11 09:00:00+00:00,4360.0,4380.0,4310.0,4310.0,108794500.0
2022-10-12 09:00:00+00:00,4300.0,4350.0,4280.0,4340.0,107938600.0
2022-10-13 09:00:00+00:00,4330.0,4350.0,4290.0,4300.0,70034500.0
2022-10-14 09:00:00+00:00,4360.0,4360.0,4290.0,4290.0,68096300.0
2022-10-17 09:00:00+00:00,4200.0,4330.0,4200.0,4330.0,90321700.0
2022-10-18 09:00:00+00:00,4310.0,4340.0,4250.0,4250.0,72516000.0
2022-10-19 09:00:00+00:00,4220.0,4300.0,4200.0,4200.0,65848300.0
2022-10-20 09:00:00+00:00,4200.0,4350.0,4200.0,4350.0,165391500.0
2022-10-21 09:00:00+00:00,4300.0,4390.0,4300.0,4360.0,79825700.0
2022-10-24 09:00:00+00:00,4380.0,4450.0,4380.0,4410.0,76777200.0
2022-10-25 09:00:00+00:00,4430.0,4470.0,4390.0,4390.0,109154300.0
2022-10-26 09:00:00+00:00,4420.0,4430.0,4330.0,4370.0,97320500.0
2022-10-27 09:00:00+00:00,4390.0,4410.0,4340.0,4370.0,80270300.0
2022-10-28 09:00:00+00:00,4420.0,4450.0,4380.0,4450.0,91101500.0
2022-10-31 09:00:00+00:00,4460.0,4460.0,4360.0,4390.0,162753500.0
2022-11-01 09:00:00+00:00,4420.0,4420.0,4360.0,4420.0,108592900.0
2022-11-02 09:00:00+00:00,4400.0,4420.0,4220.0,4220.0,217855200.0
2022-11-03 09:00:00+00:00,4140.0,4170.0,4050.0,4130.0,231475000.0
2022-11-04 09:00:00+00:00,4070.0,4210.0,4070.0,4210.0,201183100.0
2022-11-07 09:00:00+00:00,4250.0,4280.0,4160.0,4280.0,129868800.0
2022-11-08 09:00:00+00:00,4270.0,4280.0,4200.0,4220.0,110546800.0
2022-11-09 09:00:00+00:00,4200.0,4230.0,4180.0,4190.0,145833200.0
2022-11-10 09:00:00+00:00,4110.0,4210.0,4110.0,4170.0,81249200.0
2022-11-11 09:00:00+00:00,4160.0,4180.0,4140.0,4150.0,227799300.0
2022-11-14 09:00:00+00:00,4090.0,4120.0,4030.0,4050.0,188771200.0
2022-11-15 09:00:00+00:00,4050.0,4080.0,4030.0,4050.0,88570400.0
2022-11-16 09:00:00+00:00,4000.0,4070.0,3960.0,4050.0,149512300.0
2022-11-17 09:00:00+00:00,4020.0,4070.0,4020.0,4040.0,68616700.0
2022-11-18 09:00:00+00:00,4070.0,4080.0,4010.0,4010.0,115907900.0
2022-11-21 09:00:00+00:00,4020.0,4060.0,4010.0,4030.0,45277400.0
2022-11-22 09:00:00+00:00,4020.0,4040.0,4000.0,4000.0,83888300.0
2022-11-23 09:00:00+00:00,3990.0,4030.0,3970.0,3970.0,95750400.0
2022-11-24 09:00:00+00:00,3980.0,4040.0,3980.0,4030.0,50741600.0
2022-11-25 09:00:00+00:00,4010.0,4040.0,3980.0,4030.0,73305800.0
2022-11-28 09:00:00+00:00,4030.0,4040.0,3980.0,3980.0,94063100.0
2022-11-29 09:00:00+00:00,3980.0,4020.0,3980.0,3980.0,94389800.0
2022-11-30 09:00:00+00:00,3970.0,4050.0,3970.0,4040.0,585687400.0
2022-12-01 09:00:00+00:00,4020.0,4040.0,3960.0,3960.0,230066600.0
2022-12-02 09:00:00+00:00,3950.0,4020.0,3930.0,4000.0,113336600.0
2022-12-05 09:00:00+00:00,3980.0,3990.0,3820.0,3840.0,148751200.0
2022-12-06 09:00:00+00:00,3640.0,3720.0,3580.0,3600.0,416468700.0
2022-12-07 09:00:00+00:00,3600.0,3700.0,3570.0,3680.0,278572200.0
2022-12-08 09:00:00+00:00,3700.0,3780.0,3620.0,3740.0,245646400.0
2022-12-09 09:00:00+00:00,3680.0,3720.0,3630.0,3650.0,164606100.0
2022-12-12 09:00:00+00:00,3670.0,3710.0,3640.0,3700.0,170545000.0
2022-12-13 09:00:00+00:00,3690.0,3790.0,3680.0,3750.0,231127000.0
2022-12-14 09:00:00+00:00,3820.0,3820.0,3740.0,3750.0,107175700.0
2022-12-15 09:00:00+00:00,3680.0,3720.0,3670.0,3670.0,143233600.0
2022-12-16 09:00:00+00:00,3610.0,3740.0,3610.0,3680.0,310944500.0
2022-12-19 09:00:00+00:00,3740.0,3790.0,3680.0,3720.0,119137700.0
2022-12-20 09:00:00+00:00,3730.0,3750.0,3700.0,3720.0,55351300.0
2022-12-21 09:00:00+00:00,3690.0,3790.0,3670.0,3790.0,98741000.0
2022-12-22 09:00:00+00:00,3800.0,3810.0,3740.0,3750.0,68702100.0
2022-12-23 09:00:00+00:00,3710.0,3780.0,3700.0,3780.0,45179400.0
2022-12-26 09:00:00+00:00,3780.0,3800.0,3730.0,3750.0,19216700.0
2022-12-27 09:00:00+00:00,3770.0,3840.0,3750.0,3810.0,49816500.0
2022-12-28 09:00:00+00:00,3800.0,3810.0,3710.0,3730.0,65006300.0
2022-12-29 09:00:00+00:00,3720.0,3790.0,3710.0,3780.0,51703500.0
2022-12-30 09:00:00+00:00,3760.0,3800.0,3750.0,3750.0,79677300.0
2023-01-02 09:00:00+00:00,3750.0,3800.0,3750.0,3800.0,7959900.0
2023-01-03 09:00:00+00:00,3790.0,3890.0,3770.0,3860.0,64235000.0
2023-01-04 09:00:00+00:00,3840.0,3860.0,3810.0,3820.0,56785600.0
2023-01-05 09:00:00+00:00,3800.0,3820.0,3720.0,3770.0,135167000.0
2023-01-06 09:00:00+00:00,3750.0,3770.0,3710.0,3710.0,65207400.0
2023-01-09 09:00:00+00:00,3730.0,3790.0,3730.0,3790.0,46616400.0
2023-01-10 09:00:00+00:00,3810.0,3850.0,3750.0,3830.0,80009900.0
2023-01-11 09:00:00+00:00,3820.0,3900.0,3790.0,3870.0,75139300.0
2023-01-12 09:00:00+00:00,3790.0,3900.0,3780.0,3860.0,105775500.0
2023-01-13 09:00:00+00:00,3820.0,3860.0,3770.0,3780.0,85780600.0
2023-01-16 09:00:00+00:00,3780.0,3850.0,3780.0,3850.0,58918700.0
2023-01-17 09:00:00+00:00,3870.0,3990.0,3860.0,3950.0,132256600.0
2023-01-18 09:00:00+00:00,4010.0,4010.0,3900.0,3930.0,94772000.0
2023-01-19 09:00:00+00:00,3900.0,3980.0,3880.0,3890.0,109555200.0
2023-01-20 09:00:00+00:00,3910.0,3920.0,3850.0,3870.0,88457800.0
2023-01-24 09:00:00+00:00,3890.0,3910.0,3850.0,3850.0,45504900.0
2023-01-25 09:00:00+00:00,3850.0,3880.0,3810.0,3840.0,80575100.0
2023-01-26 09:00:00+00:00,3850.0,4000.0,3850.0,3970.0,117238000.0
2023-01-27 09:00:00+00:00,3970.0,3990.0,3950.0,3960.0,100769500.0
2023-01-30 09:00:00+00:00,3960.0,3970.0,3910.0,3960.0,59425300.0
2023-01-31 09:00:00+00:00,3940.0,3950.0,3850.0,3850.0,179726700.0
2023-02-01 09:00:00+00:00,3850.0,3900.0,3840.0,3870.0,70997300.0
2023-02-02 09:00:00+00:00,3850.0,3900.0,3840.0,3890.0,78852300.0
2023-02-03 09:00:00+00:00,3910.0,3920.0,3870.0,3880.0,55154800.0
2023-02-06 09:00:00+00:00,3860.0,3910.0,3850.0,3880.0,58861300.0
2023-02-07 09:00:00+00:00,3880.0,3880.0,3800.0,3800.0,76254900.0
2023-02-08 09:00:00+00:00,3800.0,3850.0,3790.0,3840.0,65856500.0
2023-02-09 09:00:00+00:00,3840.0,3840.0,3760.0,3770.0,91337300.0
2023-02-10 09:00:00+00:00,3750.0,3800.0,3690.0,3800.0,88759600.0
2023-02-13 09:00:00+00:00,3800.0,3810.0,3750.0,3790.0,69004400.0
2023-02-14 09:00:00+00:00,3830.0,3830.0,3760.0,3800.0,80331100.0
2023-02-15 09:00:00+00:00,3810.0,3820.0,3730.0,3790.0,59028200.0
2023-02-16 09:00:00+00:00,3800.0,3800.0,3750.0,3770.0,49869900.0
2023-02-17 09:00:00+00:00,3770.0,3770.0,3720.0,3760.0,50369000.0
2023-02-20 09:00:00+00:00,3760.0,3820.0,3760.0,3820.0,57438900.0
2023-02-21 09:00:00+00:00,3850.0,3870.0,3830.0,3840.0,63880300.0
2023-02-22 09:00:00+00:00,3850.0,3870.0,3800.0,3860.0,48505600.0
2023-02-23 09:00:00+00:00,3950.0,3970.0,3890.0,3970.0,109147100.0
2023-02-24 09:00:00+00:00,4000.0,4040.0,3950.0,4040.0,142165700.0
2023-02-27 09:00:00+00:00,3990.0,4000.0,3920.0,3960.0,66461600.0
2023-02-28 09:00:00+00:00,3930.0,3970.0,3880.0,3880.0,115766900.0
2023-03-01 09:00:00+00:00,3930.0,3990.0,3910.0,3930.0,47395200.0
2023-03-02 09:00:00+00:00,3900.0,3930.0,3880.0,3880.0,43208800.0
2023-03-03 09:00:00+00:00,3880.0,3920.0,3870.0,3900.0,49796000.0
2023-03-06 09:00:00+00:00,3940.0,3950.0,3870.0,3880.0,50103800.0
2023-03-07 09:00:00+00:00,3890.0,3910.0,3850.0,3880.0,59086800.0
2023-03-08 09:00:00+00:00,3850.0,3940.0,3850.0,3940.0,78551000.0
2023-03-09 09:00:00+00:00,3970.0,4000.0,3960.0,3970.0,68725500.0
2023-03-10 09:00:00+00:00,3960.0,4020.0,3930.0,4010.0,76136200.0
2023-03-13 09:00:00+00:00,4020.0,4090.0,3980.0,4070.0,104663300.0
2023-03-14 09:00:00+00:00,4030.0,4090.0,4000.0,4020.0,111430100.0
2023-03-15 09:00:00+00:00,4050.0,4050.0,3990.0,4010.0,65025400.0
2023-03-16 09:00:00+00:00,4040.0,4060.0,3980.0,4050.0,96707900.0
2023-03-17 09:00:00+00:00,4090.0,4100.0,4030.0,4050.0,232270900.0
2023-03-20 09:00:00+00:00,4050.0,4050.0,3940.0,3990.0,105982700.0
2023-03-21 09:00:00+00:00,4000.0,4120.0,4000.0,4120.0,88808200.0
2023-03-24 09:00:00+00:00,4100.0,4120.0,4060.0,4070.0,96214700.0
2023-03-27 09:00:00+00:00,4100.0,4120.0,4030.0,4050.0,71556400.0
2023-03-28 09:00:00+00:00,4100.0,4100.0,4030.0,4050.0,87955300.0
2023-03-29 09:00:00+00:00,4090.0,4120.0,4070.0,4100.0,113504700.0
2023-03-30 09:00:00+00:00,4050.0,4130.0,4040.0,4090.0,87690800.0
2023-03-31 09:00:00+00:00,4110.0,4120.0,4040.0,4060.0,93699000.0
2023-04-03 09:00:00+00:00,4100.0,4100.0,4070.0,4080.0,56896200.0
2023-04-04 09:00:00+00:00,4080.0,4100.0,4040.0,4060.0,82969200.0
2023-04-05 09:00:00+00:00,4100.0,4170.0,4080.0,4150.0,70419100.0
2023-04-06 09:00:00+00:00,4200.0,4270.0,4170.0,4250.0,125329700.0
2023-04-10 09:00:00+00:00,4250.0,4300.0,4190.0,4300.0,85757900.0
2023-04-11 09:00:00+00:00,4290.0,4300.0,4250.0,4300.0,84322900.0
2023-04-12 09:00:00+00:00,4320.0,4350.0,4260.0,4310.0,178923700.0
2023-04-13 09:00:00+00:00,4340.0,4350.0,4290.0,4340.0,119431600.0
2023-04-14 09:00:00+00:00,4340.0,4360.0,4320.0,4340.0,117305500.0
2023-04-17 09:00:00+00:00,4340.0,4340.0,4250.0,4270.0,59688000.0
2023-04-18 09:00:00+00:00,4240.0,4280.0,4230.0,4270.0,65644600.0
2023-04-26 09:00:00+00:00,4480.0,4500.0,4330.0,4400.0,198984100.0
2023-04-27 09:00:00+00:00,4450.0,4450.0,4300.0,4320.0,58407000.0
2023-04-28 09:00:00+00:00,4270.0,4320.0,4220.0,4250.0,112116900.0
2023-05-02 09:00:00+00:00,4210.0,4220.0,4130.0,4190.0,117097400.0
2023-05-03 09:00:00+00:00,4200.0,4200.0,4080.0,4150.0,158597800.0
2023-05-04 09:00:00+00:00,4170.0,4190.0,4140.0,4150.0,98421300.0
2023-05-05 09:00:00+00:00,4160.0,4170.0,4080.0,4170.0,113408100.0
2023-05-08 09:00:00+00:00,4170.0,4180.0,4040.0,4060.0,121002600.0
2023-05-09 09:00:00+00:00,4050.0,4090.0,4030.0,4070.0,105907900.0
2023-05-10 09:00:00+00:00,4050.0,4130.0,4040.0,4130.0,84306600.0
2023-05-11 09:00:00+00:00,4100.0,4120.0,4060.0,4090.0,74171300.0
2023-05-12 09:00:00+00:00,4050.0,4050.0,3950.0,3980.0,236777600.0
2023-05-15 09:00:00+00:00,3990.0,3990.0,3930.0,3980.0,113329300.0
2023-05-16 09:00:00+00:00,4020.0,4020.0,3940.0,3980.0,68777200.0
2023-05-17 09:00:00+00:00,3980.0,4020.0,3960.0,3990.0,83183300.0
2023-05-19 09:00:00+00:00,3990.0,4060.0,3970.0,4020.0,95986000.0
2023-05-22 09:00:00+00:00,4000.0,4080.0,3980.0,4040.0,115578100.0
2023-05-23 09:00:00+00:00,4030.0,4080.0,4030.0,4040.0,132751000.0
2023-05-24 09:00:00+00:00,4020.0,4200.0,4020.0,4160.0,194127500.0
2023-05-25 09:00:00+00:00,4190.0,4220.0,4120.0,4120.0,122121000.0
2023-05-26 09:00:00+00:00,4140.0,4160.0,4110.0,4130.0,62211800.0
2023-05-29 09:00:00+00:00,4120.0,4200.0,4090.0,4200.0,77540300.0
2023-05-30 09:00:00+00:00,4140.0,4190.0,4120.0,4120.0,78924700.0
2023-05-31 09:00:00+00:00,4120.0,4160.0,4040.0,4040.0,1155861400.0
2023-06-05 09:00:00+00:00,4060.0,4130.0,4020.0,4080.0,189129300.0
2023-06-06 09:00:00+00:00,4090.0,4130.0,4050.0,4090.0,95792700.0
2023-06-07 09:00:00+00:00,4100.0,4150.0,4080.0,4150.0,127707400.0
2023-06-08 09:00:00+00:00,4160.0,4180.0,4120.0,4170.0,78989700.0
2023-06-09 09:00:00+00:00,4170.0,4170.0,4140.0,4150.0,83014700.0
2023-06-12 09:00:00+00:00,4040.0,4050.0,4010.0,4050.0,94687300.0
2023-06-13 09:00:00+00:00,4040.0,4060.0,4030.0,4030.0,69609000.0
2023-06-14 09:00:00+00:00,4020.0,4040.0,3990.0,4000.0,110730800.0
2023-06-15 09:00:00+00:00,3990.0,4040.0,3980.0,4020.0,85391800.0
2023-06-16 09:00:00+00:00,4020.0,4030.0,3960.0,3970.0,160978900.0
2023-06-19 09:00:00+00:00,3960.0,3990.0,3950.0,3960.0,54934100.0
2023-06-20 09:00:00+00:00,3980.0,3990.0,3950.0,3990.0,55155600.0
2023-06-21 09:00:00+00:00,3970.0,3980.0,3950.0,3980.0,60191300.0
2023-06-22 09:00:00+00:00,3980.0,3990.0,3940.0,3940.0,56150900.0
2023-06-23 09:00:00+00:00,3940.0,3960.0,3940.0,3950.0,41812400.0
2023-06-26 09:00:00+00:00,3940.0,3990.0,3940.0,3990.0,36011500.0
2023-06-27 09:00:00+00:00,4030.0,4030.0,3990.0,4000.0,64879900.0
2023-07-03 09:00:00+00:00,4030.0,4030.0,3970.0,4000.0,75193200.0
2023-07-04 09:00:00+00:00,4000.0,4010.0,3970.0,3970.0,33974300.0
2023-07-05 09:00:00+00:00,3970.0,3980.0,3950.0,3980.0,43303000.0
2023-07-06 09:00:00+00:00,3970.0,3990.0,3960.0,3960.0,68088900.0
2023-07-07 09:00:00+00:00,3960.0,3980.0,3950.0,3960.0,50474800.0
2023-07-10 09:00:00+00:00,3960.0,3980.0,3940.0,3950.0,65643300.0
2023-07-11 09:00:00+00:00,3950.0,3990.0,3950.0,3980.0,89768500.0
2023-07-12 09:00:00+00:00,3980.0,4010.0,3970.0,3980.0,73770400.0
2023-07-13 09:00:00+00:00,3960.0,3970.0,3910.0,3920.0,83009900.0
2023-07-14 09:00:00+00:00,3960.0,3960.0,3920.0,3930.0,64886900.0
2023-07-17 09:00:00+00:00,3950.0,3970.0,3910.0,3910.0,81399700.0
2023-07-18 09:00:00+00:00,3930.0,3930.0,3820.0,3850.0,135860500.0
2023-07-20 09:00:00+00:00,3820.0,3860.0,3810.0,3850.0,88907600.0
2023-07-21 09:00:00+00:00,3840.0,3870.0,3840.0,3860.0,53955100.0
2023-07-24 09:00:00+00:00,3880.0,3930.0,3870.0,3900.0,80710100.0
2023-07-25 09:00:00+00:00,3920.0,3920.0,3880.0,3880.0,66434400.0
2023-07-26 09:00:00+00:00,3890.0,3900.0,3830.0,3880.0,86732900.0
2023-07-27 09:00:00+00:00,3840.0,3860.0,3720.0,3720.0,235026400.0
2023-07-28 09:00:00+00:00,3710.0,3750.0,3690.0,3720.0,181626700.0
2023-07-31 09:00:00+00:00,3700.0,3750.0,3670.0,3720.0,153583300.0
2023-08-01 09:00:00+00:00,3700.0,3780.0,3700.0,3750.0,97680500.0
2023-08-02 09:00:00+00:00,3740.0,3740.0,3680.0,3690.0,121333500.0
2023-08-03 09:00:00+00:00,3670.0,3760.0,3670.0,3720.0,82013300.0
2023-08-04 09:00:00+00:00,3720.0,3730.0,3690.0,3690.0,67746800.0
2023-08-07 09:00:00+00:00,3700.0,3720.0,3680.0,3680.0,94909700.0
2023-08-08 09:00:00+00:00,3680.0,3760.0,3680.0,3730.0,116329400.0
2023-08-09 09:00:00+00:00,3750.0,3800.0,3740.0,3770.0,129416100.0
2023-08-10 09:00:00+00:00,3800.0,3830.0,3800.0,3800.0,140158900.0
2023-08-11 09:00:00+00:00,3830.0,3840.0,3790.0,3810.0,109714400.0
2023-08-14 09:00:00+00:00,3810.0,3830.0,3760.0,3830.0,86871800.0
2023-08-15 09:00:00+00:00,3800.0,3830.0,3800.0,3820.0,80015200.0
2023-08-16 09:00:00+00:00,3790.0,3830.0,3750.0,3830.0,81507800.0
2023-08-18 09:00:00+00:00,3790.0,3800.0,3760.0,3760.0,108780100.0
2023-08-21 09:00:00+00:00,3760.0,3780.0,3720.0,3740.0,64449000.0
2023-08-22 09:00:00+00:00,3740.0,3780.0,3730.0,3750.0,98059600.0
2023-08-23 09:00:00+00:00,3750.0,3770.0,3730.0,3740.0,84842500.0
2023-08-24 09:00:00+00:00,3730.0,3770.0,3720.0,3720.0,82789700.0
2023-08-25 09:00:00+00:00,3700.0,3730.0,3700.0,3720.0,42049200.0
2023-08-28 09:00:00+00:00,3730.0,3740.0,3700.0,3700.0,37727500.0
2023-08-29 09:00:00+00:00,3700.0,3720.0,3700.0,3720.0,53453600.0
2023-08-30 09:00:00+00:00,3730.0,3850.0,3720.0,3810.0,130027200.0
2023-08-31 09:00:00+00:00,3810.0,3820.0,3700.0,3730.0,227635800.0
2023-09-01 09:00:00+00:00,3710.0,3740.0,3710.0,3720.0,82253200.0
2023-09-04 09:00:00+00:00,3720.0,3750.0,3710.0,3730.0,55881900.0
2023-09-05 09:00:00+00:00,3730.0,3750.0,3710.0,3740.0,62933300.0
2023-09-06 09:00:00+00:00,3750.0,3810.0,3740.0,3790.0,98673400.0
2023-09-07 09:00:00+00:00,3780.0,3790.0,3730.0,3760.0,63054500.0
2023-09-08 09:00:00+00:00,3770.0,3770.0,3670.0,3690.0,143090100.0
2023-09-11 09:00:00+00:00,3710.0,3710.0,3680.0,3700.0,76577500.0
2023-09-12 09:00:00+00:00,3700.0,3740.0,3700.0,3710.0,72170600.0
2023-09-13 09:00:00+00:00,3720.0,3720.0,3670.0,3710.0,82635900.0
2023-09-14 09:00:00+00:00,3710.0,3720.0,3680.0,3680.0,55532900.0
2023-09-15 09:00:00+00:00,3680.0,3780.0,3670.0,3720.0,147757300.0
2023-09-18 09:00:00+00:00,3700.0,3720.0,3680.0,3680.0,40645900.0
2023-09-19 09:00:00+00:00,3690.0,3740.0,3690.0,3730.0,38375000.0
2023-09-20 09:00:00+00:00,3740.0,3850.0,3740.0,3810.0,171751900.0
2023-09-21 09:00:00+00:00,3810.0,3840.0,3790.0,3810.0,94880700.0
2023-09-22 09:00:00+00:00,3830.0,3880.0,3810.0,3860.0,101185700.0
2023-09-25 09:00:00+00:00,3810.0,3830.0,3770.0,3770.0,125817700.0
2023-09-26 09:00:00+00:00,3770.0,3800.0,3750.0,3760.0,74734500.0
2023-09-27 09:00:00+00:00,3750.0,3780.0,3720.0,3720.0,83337700.0
2023-09-29 09:00:00+00:00,3730.0,3800.0,3730.0,3750.0,66219300.0
2023-10-02 09:00:00+00:00,3750.0,3780.0,3730.0,3750.0,71945000.0
2023-10-03 09:00:00+00:00,3750.0,3800.0,3740.0,3770.0,61155100.0
2023-10-04 09:00:00+00:00,3800.0,3800.0,3740.0,3780.0,77527700.0
2023-10-05 09:00:00+00:00,3790.0,3800.0,3720.0,3720.0,81258900.0
2023-10-06 09:00:00+00:00,3780.0,3800.0,3770.0,3780.0,60156100.0
2023-10-09 09:00:00+00:00,3770.0,3780.0,3750.0,3760.0,37711400.0
2023-10-10 09:00:00+00:00,3780.0,3820.0,3770.0,3810.0,51167900.0
2023-10-11 09:00:00+00:00,3780.0,3810.0,3780.0,3780.0,83154300.0
2023-10-12 09:00:00+00:00,3820.0,3870.0,3800.0,3830.0,101645100.0
2023-10-13 09:00:00+00:00,3820.0,3850.0,3810.0,3850.0,48856500.0
2023-10-16 09:00:00+00:00,3850.0,3850.0,3740.0,3760.0,117472800.0
2023-10-17 09:00:00+00:00,3780.0,3810.0,3770.0,3790.0,57046900.0
2023-10-18 09:00:00+00:00,3770.0,3780.0,3730.0,3750.0,64910600.0
2023-10-19 09:00:00+00:00,3730.0,3760.0,3720.0,3730.0,62296900.0
2023-10-20 09:00:00+00:00,3720.0,3730.0,3690.0,3700.0,38978200.0
2023-10-23 09:00:00+00:00,3710.0,3720.0,3610.0,3610.0,69428400.0
2023-10-24 09:00:00+00:00,3640.0,3670.0,3600.0,3650.0,67041700.0
2023-10-25 09:00:00+00:00,3650.0,3680.0,3580.0,3600.0,89567900.0
2023-10-26 09:00:00+00:00,3600.0,3610.0,3460.0,3480.0,141139700.0
2023-10-27 09:00:00+00:00,3480.0,3530.0,3440.0,3500.0,99607000.0
2023-10-30 09:00:00+00:00,3500.0,3500.0,3390.0,3420.0,82945500.0
2023-10-31 09:00:00+00:00,3400.0,3510.0,3400.0,3490.0,66801600.0
2023-11-01 09:00:00+00:00,3600.0,3700.0,3600.0,3620.0,154441100.0
2023-11-02 09:00:00+00:00,3690.0,3690.0,3620.0,3620.0,69582500.0
2023-11-03 09:00:00+00:00,3590.0,3630.0,3540.0,3570.0,85146800.0
2023-11-06 09:00:00+00:00,3610.0,3650.0,3600.0,3650.0,66902400.0
2023-11-07 09:00:00+00:00,3600.0,3610.0,3550.0,3570.0,103642200.0
2023-11-08 09:00:00+00:00,3520.0,3540.0,3500.0,3520.0,103415400.0
2023-11-09 09:00:00+00:00,3500.0,3570.0,3500.0,3530.0,96594900.0
2023-11-10 09:00:00+00:00,3520.0,3550.0,3490.0,3550.0,48619500.0
2023-11-13 09:00:00+00:00,3570.0,3570.0,3510.0,3520.0,37975400.0
2023-11-14 09:00:00+00:00,3500.0,3540.0,3500.0,3500.0,45987000.0
2023-11-15 09:00:00+00:00,3520.0,3570.0,3520.0,3550.0,114104500.0
2023-11-16 09:00:00+00:00,3550.0,3550.0,3510.0,3540.0,41789400.0
2023-11-17 09:00:00+00:00,3530.0,3550.0,3480.0,3550.0,55585600.0
2023-11-20 09:00:00+00:00,3560.0,3600.0,3540.0,3590.0,39932700.0
2023-11-21 09:00:00+00:00,3590.0,3620.0,3580.0,3620.0,68255800.0
2023-11-22 09:00:00+00:00,3610.0,3630.0,3590.0,3610.0,34555300.0
2023-11-23 09:00:00+00:00,3610.0,3630.0,3590.0,3600.0,57385100.0
2023-11-24 09:00:00+00:00,3600.0,3620.0,3570.0,3620.0,34583700.0
2023-11-27 09:00:00+00:00,3640.0,3730.0,3640.0,3680.0,73888700.0
2023-11-28 09:00:00+00:00,3680.0,3800.0,3680.0,3770.0,106829100.0
2023-11-29 09:00:00+00:00,3750.0,3770.0,3700.0,3720.0,56467400.0
2023-11-30 09:00:00+00:00,3750.0,3820.0,3740.0,3760.0,258522400.0
2023-12-01 09:00:00+00:00,3790.0,3840.0,3790.0,3830.0,81037200.0
2023-12-04 09:00:00+00:00,3840.0,3860.0,3780.0,3810.0,118483900.0
2023-12-05 09:00:00+00:00,3830.0,3850.0,3800.0,3850.0,74608900.0
2023-12-06 09:00:00+00:00,3900.0,3950.0,3870.0,3920.0,149345100.0
2023-12-07 09:00:00+00:00,3950.0,3950.0,3880.0,3910.0,91076200.0
2023-12-08 09:00:00+00:00,3940.0,3940.0,3900.0,3940.0,61476300.0
2023-12-11 09:00:00+00:00,3870.0,3980.0,3850.0,3980.0,99365500.0
2023-12-12 09:00:00+00:00,3940.0,3950.0,3890.0,3910.0,58707700.0
2023-12-13 09:00:00+00:00,3870.0,3920.0,3870.0,3920.0,54386800.0
2023-12-14 09:00:00+00:00,3880.0,3960.0,3880.0,3940.0,70705300.0
2023-12-15 09:00:00+00:00,3940.0,3980.0,3900.0,3980.0,109064200.0
2023-12-18 09:00:00+00:00,3940.0,3970.0,3930.0,3970.0,60940400.0
2023-12-19 09:00:00+00:00,3950.0,3970.0,3940.0,3970.0,32984500.0
2023-12-20 09:00:00+00:00,3960.0,3990.0,3960.0,3960.0,59574800.0
2023-12-21 09:00:00+00:00,3960.0,3970.0,3930.0,3950.0,48242100.0
2023-12-22 09:00:00+00:00,3980.0,3980.0,3950.0,3960.0,28222700.0
2023-12-27 09:00:00+00:00,3990.0,4000.0,3920.0,3940.0,73157200.0
2023-12-28 09:00:00+00:00,3960.0,3970.0,3940.0,3960.0,34024400.0
2023-12-29 09:00:00+00:00,3960.0,3980.0,3940.0,3950.0,27497600.0
2024-01-02 09:00:00+00:00,3950.0,3990.0,3940.0,3990.0,23774100.0
2024-01-03 09:00:00+00:00,3990.0,3990.0,3950.0,3960.0,22018500.0
2024-01-04 09:00:00+00:00,3980.0,3990.0,3960.0,3970.0,33922400.0
2024-01-05 09:00:00+00:00,3950.0,3970.0,3880.0,3890.0,69268000.0
2024-01-08 09:00:00+00:00,3890.0,3920.0,3860.0,3890.0,61064100.0
2024-01-09 09:00:00+00:00,3930.0,3980.0,3920.0,3960.0,64015400.0
2024-01-10 09:00:00+00:00,4000.0,4030.0,3980.0,4000.0,99083600.0
2024-01-11 09:00:00+00:00,4040.0,4040.0,3990.0,3990.0,36333300.0
2024-01-12 09:00:00+00:00,3970.0,4010.0,3970.0,4010.0,53685600.0
2024-01-15 09:00:00+00:00,4040.0,4040.0,3980.0,4000.0,38339500.0
2024-01-16 09:00:00+00:00,4020.0,4030.0,3980.0,4010.0,44782300.0
2024-01-17 09:00:00+00:00,4000.0,4010.0,3970.0,3990.0,62728400.0
2024-01-18 09:00:00+00:00,3990.0,4010.0,3930.0,3950.0,73029300.0
2024-01-19 09:00:00+00:00,3950.0,3960.0,3890.0,3940.0,67016100.0
2024-01-22 09:00:00+00:00,3980.0,4010.0,3960.0,3980.0,50643700.0
2024-01-23 09:00:00+00:00,4000.0,4010.0,3910.0,3950.0,72595400.0
2024-01-24 09:00:00+00:00,3950.0,3980.0,3930.0,3970.0,38732000.0
2024-01-25 09:00:00+00:00,3980.0,4000.0,3960.0,3980.0,58541300.0
2024-01-26 09:00:00+00:00,3940.0,3990.0,3930.0,3980.0,65272600.0
2024-01-29 09:00:00+00:00,4000.0,4010.0,3970.0,4010.0,59150000.0
2024-01-30 09:00:00+00:00,4000.0,4020.0,3980.0,4000.0,66906900.0
2024-01-31 09:00:00+00:00,4000.0,4020.0,3960.0,3960.0,100403700.0
2024-02-01 09:00:00+00:00,3970.0,4050.0,3970.0,4040.0,105414400.0
2024-02-02 09:00:00+00:00,4030.0,4030.0,3930.0,3990.0,96180000.0
2024-02-05 09:00:00+00:00,4010.0,4010.0,3970.0,3980.0,57789500.0
2024-02-06 09:00:00+00:00,3970.0,4000.0,3970.0,3980.0,65167500.0
2024-02-07 09:00:00+00:00,4010.0,4020.0,3980.0,3980.0,53084600.0
2024-02-12 09:00:00+00:00,4000.0,4020.0,3970.0,4000.0,85763200.0
2024-02-13 09:00:00+00:00,4010.0,4010.0,3980.0,3980.0,52020300.0
2024-02-15 09:00:00+00:00,4040.0,4080.0,3980.0,4030.0,129347900.0
2024-02-16 09:00:00+00:00,4050.0,4160.0,4050.0,4160.0,244064200.0
2024-02-19 09:00:00+00:00,4130.0,4170.0,4130.0,4160.0,82867500.0
2024-02-20 09:00:00+00:00,4200.0,4210.0,4160.0,4210.0,267636700.0
2024-02-21 09:00:00+00:00,4190.0,4240.0,4070.0,4180.0,152787100.0
2024-02-22 09:00:00+00:00,4130.0,4150.0,4070.0,4090.0,93555100.0
2024-02-23 09:00:00+00:00,4070.0,4100.0,4040.0,4100.0,87665800.0
2024-02-26 09:00:00+00:00,4060.0,4100.0,4050.0,4090.0,55761700.0
2024-02-27 09:00:00+00:00,4050.0,4060.0,3990.0,3990.0,119637000.0
2024-02-28 09:00:00+00:00,3980.0,4020.0,3950.0,3990.0,77255300.0
2024-02-29 09:00:00+00:00,4020.0,4040.0,3950.0,4000.0,157431900.0
2024-03-01 09:00:00+00:00,3950.0,3990.0,3860.0,3920.0,139582000.0
2024-03-04 09:00:00+00:00,3960.0,3960.0,3900.0,3940.0,81580800.0
2024-03-05 09:00:00+00:00,3880.0,3900.0,3860.0,3870.0,100671500.0
2024-03-06 09:00:00+00:00,3870.0,3920.0,3860.0,3900.0,83251500.0
2024-03-07 09:00:00+00:00,3900.0,3930.0,3900.0,3900.0,86888100.0
2024-03-08 09:00:00+00:00,3900.0,3910.0,3840.0,3860.0,101556500.0
2024-03-13 09:00:00+00:00,3910.0,3910.0,3890.0,3900.0,106191400.0
2024-03-14 09:00:00+00:00,3930.0,3980.0,3920.0,3960.0,122570700.0
2024-03-15 09:00:00+00:00,4000.0,4000.0,3900.0,3970.0,184885900.0
2024-03-18 09:00:00+00:00,3960.0,3970.0,3920.0,3920.0,57508300.0
2024-03-19 09:00:00+00:00,3980.0,3980.0,3940.0,3940.0,51629700.0
2024-03-20 09:00:00+00:00,3910.0,3940.0,3910.0,3930.0,84777400.0
2024-03-21 09:00:00+00:00,3930.0,3960.0,3890.0,3890.0,81520900.0
2024-03-22 09:00:00+00:00,3900.0,3920.0,3890.0,3900.0,44501700.0
2024-03-25 09:00:00+00:00,3890.0,3890.0,3700.0,3730.0,313394400.0
2024-03-26 09:00:00+00:00,3680.0,3680.0,3610.0,3620.0,354086400.0
2024-03-27 09:00:00+00:00,3610.0,3630.0,3490.0,3490.0,496202800.0
2024-03-28 09:00:00+00:00,3470.0,3520.0,3430.0,3470.0,258985200.0
2024-04-01 09:00:00+00:00,3480.0,3520.0,3420.0,3510.0,248116300.0
2024-04-02 09:00:00+00:00,3460.0,3500.0,3410.0,3490.0,233017700.0
2024-04-03 09:00:00+00:00,3450.0,3490.0,3420.0,3420.0,150265700.0
2024-04-04 09:00:00+00:00,3410.0,3460.0,3410.0,3450.0,205184000.0
2024-04-05 09:00:00+00:00,3440.0,3450.0,3420.0,3430.0,116051700.0
2024-04-16 09:00:00+00:00,3260.0,3280.0,3150.0,3220.0,490658200.0
2024-04-17 09:00:00+00:00,3220.0,3240.0,3200.0,3200.0,187876400.0
2024-04-18 09:00:00+00:00,3190.0,3310.0,3110.0,3250.0,337490100.0
2024-04-19 09:00:00+00:00,3230.0,3230.0,3130.0,3150.0,149997000.0
2024-04-22 09:00:00+00:00,3150.0,3200.0,3130.0,3170.0,140971800.0
2024-04-23 09:00:00+00:00,3180.0,3190.0,3080.0,3100.0,312052300.0
2024-04-24 09:00:00+00:00,3100.0,3110.0,3040.0,3040.0,327330800.0
2024-04-25 09:00:00+00:00,3010.0,3060.0,2990.0,3040.0,369525200.0
2024-04-26 09:00:00+00:00,2980.0,3060.0,2960.0,3030.0,442527900.0
2024-04-29 09:00:00+00:00,3030.0,3090.0,3010.0,3080.0,172773600.0
2024-04-30 09:00:00+00:00,3120.0,3200.0,3110.0,3170.0,273121800.0
2024-05-02 09:00:00+00:00,3170.0,3200.0,3120.0,3120.0,157637100.0
2024-05-03 09:00:00+00:00,3180.0,3180.0,3120.0,3160.0,127945300.0
2024-05-06 09:00:00+00:00,3180.0,3200.0,3040.0,3050.0,221330900.0
2024-05-07 09:00:00+00:00,3070.0,3110.0,3060.0,3090.0,124914600.0
2024-05-08 09:00:00+00:00,3130.0,3150.0,3050.0,3080.0,120622600.0
2024-05-13 09:00:00+00:00,3070.0,3100.0,3040.0,3090.0,133048300.0
2024-05-14 09:00:00+00:00,3100.0,3120.0,3080.0,3120.0,104126800.0
2024-05-15 09:00:00+00:00,3120.0,3130.0,3070.0,3100.0,149143600.0
2024-05-16 09:00:00+00:00,2960.0,3050.0,2960.0,3010.0,196239200.0
2024-05-17 09:00:00+00:00,3050.0,3050.0,2980.0,2990.0,120345300.0
2024-05-20 09:00:00+00:00,2950.0,3000.0,2950.0,2990.0,215877500.0
2024-05-21 09:00:00+00:00,2990.0,2990.0,2920.0,2950.0,138864400.0
2024-05-22 09:00:00+00:00,2980.0,2980.0,2910.0,2940.0,145109200.0
2024-05-27 09:00:00+00:00,2900.0,2920.0,2780.0,2810.0,246979600.0
2024-05-28 09:00:00+00:00,2810.0,2880.0,2810.0,2860.0,113093300.0
2024-05-29 09:00:00+00:00,2850.0,2860.0,2810.0,2810.0,148952900.0
2024-05-30 09:00:00+00:00,2810.0,2870.0,2720.0,2810.0,253471800.0
2024-05-31 09:00:00+00:00,2840.0,2920.0,2810.0,2900.0,411324600.0
2024-06-03 09:00:00+00:00,2930.0,2970.0,2900.0,2930.0,124570400.0
2024-06-04 09:00:00+00:00,2980.0,3060.0,2940.0,3000.0,130203100.0
2024-06-05 09:00:00+00:00,3000.0,3080.0,3000.0,3060.0,141157300.0
2024-06-06 09:00:00+00:00,3100.0,3100.0,3030.0,3050.0,107996900.0
2024-06-07 09:00:00+00:00,3050.0,3090.0,3050.0,3050.0,67191100.0
2024-06-10 09:00:00+00:00,3050.0,3050.0,2980.0,3010.0,66983900.0
2024-06-11 09:00:00+00:00,2960.0,2980.0,2880.0,2880.0,172688100.0
2024-06-12 09:00:00+00:00,2890.0,2970.0,2890.0,2920.0,91584500.0
2024-06-13 09:00:00+00:00,2940.0,2940.0,2830.0,2840.0,95740000.0
2024-06-14 09:00:00+00:00,2820.0,2830.0,2700.0,2720.0,202750500.0
2024-06-19 09:00:00+00:00,2780.0,2850.0,2760.0,2830.0,128843500.0
2024-06-20 09:00:00+00:00,2850.0,2850.0,2800.0,2840.0,55434800.0
2024-06-21 09:00:00+00:00,2850.0,2960.0,2840.0,2950.0,184918000.0
2024-06-24 09:00:00+00:00,2930.0,2980.0,2910.0,2950.0,111618800.0
2024-06-25 09:00:00+00:00,2950.0,2990.0,2930.0,2990.0,89913400.0
2024-06-26 09:00:00+00:00,2990.0,3020.0,2980.0,3000.0,73994000.0
2024-06-27 09:00:00+00:00,3030.0,3030.0,2990.0,3030.0,70154600.0
2024-06-28 09:00:00+00:00,3030.0,3140.0,3030.0,3130.0,213539300.0
2024-07-01 09:00:00+00:00,3130.0,3130.0,3080.0,3090.0,134082800.0
2024-07-02 09:00:00+00:00,3070.0,3090.0,3030.0,3040.0,79024200.0
2024-07-03 09:00:00+00:00,3040.0,3050.0,3020.0,3030.0,51977100.0
2024-07-04 09:00:00+00:00,3000.0,3050.0,2960.0,2960.0,93100500.0
2024-07-05 09:00:00+00:00,2970.0,3020.0,2960.0,3020.0,69339200.0
2024-07-08 09:00:00+00:00,3040.0,3090.0,3000.0,3080.0,125004600.0
2024-07-09 09:00:00+00:00,3050.0,3120.0,3040.0,3080.0,118245600.0
2024-07-10 09:00:00+00:00,3090.0,3180.0,3090.0,3160.0,120007400.0
2024-07-11 09:00:00+00:00,3200.0,3200.0,3160.0,3180.0,126490000.0
2024-07-12 09:00:00+00:00,3230.0,3270.0,3210.0,3220.0,135830300.0
2024-07-15 09:00:00+00:00,3220.0,3220.0,3130.0,3160.0,100918500.0
2024-07-16 09:00:00+00:00,3180.0,3180.0,3090.0,3100.0,78769700.0
2024-07-17 09:00:00+00:00,3190.0,3270.0,3160.0,3250.0,167149300.0
2024-07-18 09:00:00+00:00,3260.0,3280.0,3190.0,3210.0,98903500.0
2024-07-19 09:00:00+00:00,3200.0,3210.0,3120.0,3140.0,138117200.0
2024-07-22 09:00:00+00:00,3180.0,3210.0,3090.0,3100.0,139383000.0
2024-07-23 09:00:00+00:00,3140.0,3160.0,3100.0,3160.0,74338000.0
2024-07-24 09:00:00+00:00,3140.0,3150.0,3040.0,3060.0,98752100.0
2024-07-25 09:00:00+00:00,3080.0,3090.0,3030.0,3090.0,67060000.0
2024-07-26 09:00:00+00:00,3110.0,3110.0,3060.0,3100.0,94900300.0
2024-07-29 09:00:00+00:00,3090.0,3120.0,3040.0,3050.0,90885600.0
2024-07-30 09:00:00+00:00,3000.0,3000.0,2880.0,2880.0,321472800.0
2024-07-31 09:00:00+00:00,2880.0,2920.0,2840.0,2880.0,207440800.0
2024-08-01 09:00:00+00:00,2890.0,2930.0,2880.0,2880.0,121021800.0
2024-08-02 09:00:00+00:00,2880.0,2880.0,2820.0,2850.0,105816800.0
2024-08-05 09:00:00+00:00,2820.0,2830.0,2760.0,2790.0,105246400.0
2024-08-06 09:00:00+00:00,2800.0,2840.0,2790.0,2790.0,98524200.0
2024-08-07 09:00:00+00:00,2800.0,2840.0,2790.0,2820.0,77263000.0
2024-08-08 09:00:00+00:00,2800.0,2880.0,2800.0,2850.0,99533000.0
2024-08-09 09:00:00+00:00,2860.0,2880.0,2830.0,2830.0,80800300.0
2024-08-12 09:00:00+00:00,2850.0,2910.0,2840.0,2870.0,62746600.0
2024-08-13 09:00:00+00:00,2900.0,2900.0,2840.0,2850.0,82063600.0
2024-08-14 09:00:00+00:00,2850.0,2890.0,2850.0,2860.0,70188800.0
2024-08-15 09:00:00+00:00,2870.0,2880.0,2820.0,2870.0,79724100.0
2024-08-16 09:00:00+00:00,2910.0,2990.0,2900.0,2960.0,207060000.0
2024-08-19 09:00:00+00:00,2960.0,2970.0,2910.0,2930.0,68692700.0
2024-08-20 09:00:00+00:00,2990.0,3000.0,2960.0,2980.0,100434600.0
2024-08-21 09:00:00+00:00,2980.0,3010.0,2960.0,2970.0,111842200.0
2024-08-22 09:00:00+00:00,2940.0,2970.0,2920.0,2920.0,90336300.0
2024-08-23 09:00:00+00:00,2970.0,3010.0,2950.0,2950.0,86092500.0
2024-08-26 09:00:00+00:00,2940.0,2990.0,2930.0,2980.0,88941900.0
2024-08-27 09:00:00+00:00,2990.0,3000.0,2950.0,2990.0,71223800.0
2024-08-28 09:00:00+00:00,3000.0,3000.0,2960.0,2980.0,68736300.0
2024-08-29 09:00:00+00:00,2980.0,3080.0,2980.0,3030.0,160714800.0
2024-08-30 09:00:00+00:00,3030.0,3070.0,3010.0,3060.0,195809000.0
2024-09-02 09:00:00+00:00,3090.0,3150.0,3080.0,3140.0,118928500.0
2024-09-03 09:00:00+00:00,3140.0,3150.0,3080.0,3080.0,82172000.0
2024-09-04 09:00:00+00:00,3060.0,3100.0,3040.0,3080.0,81041700.0
2024-09-05 09:00:00+00:00,3080.0,3090.0,3020.0,3020.0,78989400.0
2024-09-06 09:00:00+00:00,3010.0,3050.0,3010.0,3040.0,82391200.0
2024-09-09 09:00:00+00:00,3050.0,3080.0,3000.0,3030.0,69264400.0
2024-09-10 09:00:00+00:00,3060.0,3060.0,3020.0,3030.0,46436100.0
2024-09-11 09:00:00+00:00,3030.0,3050.0,3020.0,3040.0,62899600.0
2024-09-12 09:00:00+00:00,3060.0,3070.0,3050.0,3050.0,85785000.0
2024-09-13 09:00:00+00:00,3080.0,3120.0,3070.0,3110.0,125032200.0
2024-09-17 09:00:00+00:00,3120.0,3130.0,3080.0,3090.0,56181000.0
2024-09-18 09:00:00+00:00,3120.0,3130.0,3100.0,3120.0,87120700.0
2024-09-19 09:00:00+00:00,3140.0,3150.0,3120.0,3140.0,130418300.0
2024-09-20 09:00:00+00:00,3150.0,3170.0,3120.0,3150.0,152477400.0
2024-09-23 09:00:00+00:00,3150.0,3180.0,3130.0,3170.0,82274400.0
2024-09-24 09:00:00+00:00,3180.0,3180.0,3150.0,3160.0,92256900.0
2024-09-25 09:00:00+00:00,3100.0,3190.0,3060.0,3190.0,215241700.0
2024-09-26 09:00:00+00:00,3170.0,3180.0,3120.0,3170.0,120042500.0
2024-09-27 09:00:00+00:00,3130.0,3140.0,3010.0,3050.0,291217300.0
2024-09-30 09:00:00+00:00,3030.0,3030.0,2990.0,2990.0,150844800.0
2024-10-01 09:00:00+00:00,2990.0,3040.0,2990.0,3020.0,77208500.0
2024-10-02 09:00:00+00:00,2950.0,2980.0,2920.0,2920.0,124629400.0
2024-10-03 09:00:00+00:00,2950.0,2950.0,2890.0,2890.0,92510900.0
2024-10-04 09:00:00+00:00,2900.0,2930.0,2860.0,2880.0,76757200.0
2024-10-07 09:00:00+00:00,2910.0,2910.0,2870.0,2900.0,84507100.0
2024-10-08 09:00:00+00:00,2890.0,2990.0,2870.0,2990.0,135357200.0
2024-10-09 09:00:00+00:00,2980.0,3010.0,2960.0,2960.0,69435900.0
2024-10-10 09:00:00+00:00,2960.0,2980.0,2940.0,2950.0,57867000.0
2024-10-11 09:00:00+00:00,3000.0,3000.0,2920.0,2940.0,40454300.0
2024-10-14 09:00:00+00:00,2930.0,2970.0,2900.0,2900.0,66631500.0
2024-10-15 09:00:00+00:00,2920.0,2970.0,2910.0,2940.0,74529600.0
2024-10-16 09:00:00+00:00,2970.0,3000.0,2930.0,3000.0,163988000.0
2024-10-17 09:00:00+00:00,3000.0,3060.0,2980.0,3040.0,107040100.0
2024-10-18 09:00:00+00:00,3050.0,3130.0,3040.0,3100.0,138783600.0
2024-10-21 09:00:00+00:00,3100.0,3130.0,3060.0,3100.0,92240300.0
2024-10-22 09:00:00+00:00,3060.0,3070.0,3010.0,3010.0,93662500.0
2024-10-23 09:00:00+00:00,2940.0,2980.0,2930.0,2940.0,99423700.0
2024-10-24 09:00:00+00:00,2940.0,2960.0,2900.0,2900.0,72559000.0
2024-10-25 09:00:00+00:00,2900.0,2950.0,2900.0,2910.0,50694200.0
2024-10-28 09:00:00+00:00,2920.0,2940.0,2900.0,2920.0,38720700.0
2024-10-29 09:00:00+00:00,2910.0,2930.0,2880.0,2900.0,67727500.0
2024-10-30 09:00:00+00:00,2880.0,2900.0,2850.0,2900.0,123573100.0
2024-10-31 09:00:00+00:00,2860.0,2870.0,2820.0,2820.0,139590300.0
2024-11-01 09:00:00+00:00,2820.0,2840.0,2760.0,2780.0,99364500.0
2024-11-04 09:00:00+00:00,2780.0,2810.0,2750.0,2800.0,63112300.0
2024-11-05 09:00:00+00:00,2800.0,2810.0,2730.0,2770.0,96721100.0
2024-11-06 09:00:00+00:00,2780.0,2800.0,2740.0,2740.0,66808900.0
2024-11-07 09:00:00+00:00,2760.0,2790.0,2740.0,2760.0,79485800.0
2024-11-08 09:00:00+00:00,2760.0,2780.0,2750.0,2750.0,66113200.0
2024-11-11 09:00:00+00:00,2720.0,2730.0,2650.0,2690.0,108153500.0
2024-11-12 09:00:00+00:00,2660.0,2670.0,2600.0,2600.0,215910600.0
2024-11-13 09:00:00+00:00,2610.0,2630.0,2570.0,2580.0,142812600.0
2024-11-14 09:00:00+00:00,2550.0,2590.0,2530.0,2530.0,185269500.0
2024-11-15 09:00:00+00:00,2500.0,2580.0,2500.0,2540.0,103680400.0
2024-11-18 09:00:00+00:00,2540.0,2610.0,2520.0,2590.0,119481300.0
2024-11-19 09:00:00+00:00,2610.0,2850.0,2590.0,2780.0,275670300.0
2024-11-20 09:00:00+00:00,2740.0,2750.0,2640.0,2680.0,150242900.0
2024-11-21 09:00:00+00:00,2680.0,2810.0,2680.0,2770.0,128294600.0
2024-11-22 09:00:00+00:00,2750.0,2790.0,2720.0,2750.0,135265300.0
2024-11-25 09:00:00+00:00,2740.0,2780.0,2720.0,2740.0,358617100.0
2024-11-26 09:00:00+00:00,2770.0,2800.0,2680.0,2710.0,106721000.0
2024-11-28 09:00:00+00:00,2680.0,2750.0,2680.0,2720.0,102808400.0
2024-11-29 09:00:00+00:00,2700.0,2760.0,2700.0,2710.0,103162000.0
2024-12-02 09:00:00+00:00,2720.0,2730.0,2680.0,2680.0,66025900.0
2024-12-03 09:00:00+00:00,2760.0,2830.0,2710.0,2820.0,167603900.0
2024-12-04 09:00:00+00:00,2820.0,2850.0,2800.0,2840.0,83412800.0
2024-12-05 09:00:00+00:00,2840.0,2840.0,2730.0,2770.0,96025400.0
2024-12-06 09:00:00+00:00,2740.0,2780.0,2740.0,2760.0,48179800.0
2024-12-09 09:00:00+00:00,2760.0,2770.0,2730.0,2740.0,63671900.0
2024-12-10 09:00:00+00:00,2770.0,2830.0,2750.0,2770.0,124138200.0
2024-12-11 09:00:00+00:00,2770.0,2880.0,2770.0,2860.0,140611400.0
2024-12-12 09:00:00+00:00,2830.0,2850.0,2780.0,2820.0,66977700.0
2024-12-13 09:00:00+00:00,2770.0,2790.0,2750.0,2790.0,77540100.0
2024-12-16 09:00:00+00:00,2760.0,2760.0,2650.0,2660.0,147655600.0
2024-12-17 09:00:00+00:00,2630.0,2650.0,2600.0,2620.0,113785500.0
2024-12-18 09:00:00+00:00,2620.0,2660.0,2570.0,2570.0,79565300.0
2024-12-19 09:00:00+00:00,2510.0,2560.0,2500.0,2530.0,123504200.0
2024-12-20 09:00:00+00:00,2530.0,2570.0,2520.0,2550.0,110308800.0
2024-12-23 09:00:00+00:00,2580.0,2670.0,2580.0,2650.0,72113700.0
2024-12-24 09:00:00+00:00,2680.0,2750.0,2620.0,2740.0,117582400.0
2024-12-27 09:00:00+00:00,2770.0,2800.0,2710.0,2750.0,92727600.0
2024-12-30 09:00:00+00:00,2720.0,2760.0,2700.0,2710.0,74279200.0
2025-01-02 09:00:00+00:00,2710.0,2740.0,2680.0,2700.0,38776700.0
2025-01-03 09:00:00+00:00,2740.0,2770.0,2730.0,2750.0,49907500.0
2025-01-06 09:00:00+00:00,2760.0,2770.0,2660.0,2690.0,54087800.0
2025-01-07 09:00:00+00:00,2670.0,2680.0,2570.0,2570.0,109758000.0
2025-01-08 09:00:00+00:00,2590.0,2700.0,2590.0,2650.0,100688500.0
2025-01-09 09:00:00+00:00,2690.0,2700.0,2620.0,2620.0,55206700.0
2025-01-10 09:00:00+00:00,2640.0,2690.0,2630.0,2680.0,54496800.0
2025-01-13 09:00:00+00:00,2670.0,2740.0,2650.0,2670.0,90816500.0
2025-01-14 09:00:00+00:00,2670.0,2690.0,2610.0,2620.0,53116800.0
2025-01-15 09:00:00+00:00,2640.0,2670.0,2620.0,2630.0,52867900.0
2025-01-16 09:00:00+00:00,2660.0,2660.0,2590.0,2590.0,118890200.0
2025-01-17 09:00:00+00:00,2630.0,2680.0,2610.0,2660.0,107245400.0
2025-01-20 09:00:00+00:00,2670.0,2690.0,2610.0,2610.0,49752300.0
2025-01-21 09:00:00+00:00,2630.0,2660.0,2600.0,2630.0,86549000.0
2025-01-22 09:00:00+00:00,2680.0,2750.0,2650.0,2730.0,128617700.0
2025-01-23 09:00:00+00:00,2730.0,2750.0,2710.0,2710.0,63216100.0
2025-01-24 09:00:00+00:00,2740.0,2750.0,2690.0,2690.0,49844700.0
2025-01-30 09:00:00+00:00,2690.0,2710.0,2610.0,2640.0,89736900.0
2025-01-31 09:00:00+00:00,2660.0,2710.0,2660.0,2660.0,83736900.0
2025-02-03 09:00:00+00:00,2620.0,2630.0,2560.0,2630.0,91801900.0
2025-02-04 09:00:00+00:00,2640.0,2660.0,2590.0,2640.0,95311100.0
2025-02-05 09:00:00+00:00,2600.0,2640.0,2590.0,2620.0,110400300.0
2025-02-06 09:00:00+00:00,2630.0,2630.0,2520.0,2560.0,90471900.0
2025-02-07 09:00:00+00:00,2550.0,2590.0,2510.0,2590.0,105020200.0
2025-02-10 09:00:00+00:00,2520.0,2550.0,2440.0,2440.0,153328500.0
2025-02-11 09:00:00+00:00,2430.0,2450.0,2300.0,2320.0,254907800.0
2025-02-12 09:00:00+00:00,2360.0,2480.0,2350.0,2480.0,173407600.0
2025-02-13 09:00:00+00:00,2370.0,2420.0,2310.0,2420.0,219425500.0
2025-02-14 09:00:00+00:00,2460.0,2530.0,2440.0,2530.0,156474300.0
2025-02-17 09:00:00+00:00,2570.0,2650.0,2530.0,2650.0,113998200.0
2025-02-18 09:00:00+00:00,2660.0,2710.0,2630.0,2680.0,115881200.0
2025-02-19 09:00:00+00:00,2680.0,2690.0,2600.0,2670.0,119388200.0
2025-02-20 09:00:00+00:00,2650.0,2680.0,2620.0,2670.0,90411700.0
2025-02-21 09:00:00+00:00,2670.0,2680.0,2630.0,2650.0,75110600.0
2025-02-24 09:00:00+00:00,2630.0,2640.0,2570.0,2600.0,42327600.0
2025-02-25 09:00:00+00:00,2560.0,2580.0,2460.0,2460.0,111687700.0
2025-02-26 09:00:00+00:00,2500.0,2520.0,2460.0,2520.0,65752000.0
2025-02-27 09:00:00+00:00,2520.0,2560.0,2430.0,2490.0,88741400.0
2025-02-28 09:00:00+00:00,2470.0,2470.0,2350.0,2350.0,249795300.0
2025-03-03 09:00:00+00:00,2400.0,2420.0,2370.0,2400.0,178833400.0
2025-03-04 09:00:00+00:00,2400.0,2440.0,2350.0,2380.0,131347800.0
2025-03-05 09:00:00+00:00,2420.0,2470.0,2410.0,2450.0,167407400.0
2025-03-06 09:00:00+00:00,2490.0,2510.0,2400.0,2400.0,131136100.0
2025-03-07 09:00:00+00:00,2430.0,2470.0,2350.0,2410.0,182407000.0
2025-03-10 09:00:00+00:00,2430.0,2430.0,2370.0,2390.0,88949400.0
2025-03-11 09:00:00+00:00,2380.0,2390.0,2350.0,2370.0,102235600.0
2025-03-12 09:00:00+00:00,2410.0,2490.0,2400.0,2450.0,98938700.0
2025-03-13 09:00:00+00:00,2470.0,2490.0,2420.0,2430.0,66706500.0
2025-03-14 09:00:00+00:00,2450.0,2480.0,2410.0,2420.0,107627100.0
2025-03-17 09:00:00+00:00,2420.0,2450.0,2410.0,2420.0,58129400.0
2025-03-18 09:00:00+00:00,2450.0,2470.0,2300.0,2420.0,139758600.0
2025-03-19 09:00:00+00:00,2420.0,2440.0,2380.0,2430.0,96825800.0
2025-03-20 09:00:00+00:00,2440.0,2440.0,2350.0,2390.0,94823100.0
2025-03-21 09:00:00+00:00,2370.0,2380.0,2300.0,2310.0,204534000.0
2025-03-24 09:00:00+00:00,2320.0,2360.0,2240.0,2330.0,105865000.0
2025-03-25 09:00:00+00:00,2340.0,2360.0,2300.0,2340.0,107964200.0
2025-03-26 09:00:00+00:00,2360.0,2460.0,2350.0,2440.0,215856700.0
2025-03-27 09:00:00+00:00,2430.0,2430.0,2390.0,2410.0,120411200.0
2025-04-08 09:00:00+00:00,2050.0,2300.0,2050.0,2290.0,409973200.0
2025-04-09 09:00:00+00:00,2440.0,2440.0,2300.0,2320.0,120363300.0
2025-04-10 09:00:00+00:00,2450.0,2470.0,2320.0,2350.0,139327100.0
2025-04-11 09:00:00+00:00,2320.0,2350.0,2300.0,2330.0,60214100.0
2025-04-14 09:00:00+00:00,2320.0,2430.0,2310.0,2430.0,116968600.0
2025-04-15 09:00:00+00:00,2460.0,2470.0,2420.0,2450.0,99064500.0
2025-04-16 09:00:00+00:00,2490.0,2510.0,2450.0,2480.0,121853000.0
2025-04-17 09:00:00+00:00,2500.0,2660.0,2490.0,2550.0,195577900.0
2025-04-21 09:00:00+00:00,2600.0,2610.0,2510.0,2570.0,84209300.0
2025-04-22 09:00:00+00:00,2570.0,2570.0,2520.0,2550.0,44958000.0
2025-04-23 09:00:00+00:00,2580.0,2640.0,2570.0,2630.0,128704200.0
2025-04-24 09:00:00+00:00,2630.0,2650.0,2600.0,2630.0,75733400.0
2025-04-25 09:00:00+00:00,2630.0,2650.0,2570.0,2600.0,93439600.0
2025-04-28 09:00:00+00:00,2600.0,2610.0,2560.0,2560.0,51086400.0
2025-04-29 09:00:00+00:00,2570.0,2600.0,2560.0,2590.0,56546100.0
2025-04-30 09:00:00+00:00,2600.0,2640.0,2600.0,2640.0,96333300.0
2025-05-02 09:00:00+00:00,2640.0,2720.0,2620.0,2680.0,132357600.0
2025-05-05 09:00:00+00:00,2710.0,2710.0,2670.0,2700.0,85592500.0
2025-05-06 09:00:00+00:00,2720.0,2730.0,2680.0,2680.0,76948300.0
2025-05-07 09:00:00+00:00,2680.0,2690.0,2620.0,2620.0,100293700.0
2025-05-08 09:00:00+00:00,2630.0,2640.0,2570.0,2570.0,122965300.0
2025-05-09 09:00:00+00:00,2570.0,2630.0,2570.0,2600.0,59433500.0
2025-05-14 09:00:00+00:00,2530.0,2620.0,2530.0,2590.0,132760900.0
2025-05-15 09:00:00+00:00,2580.0,2690.0,2580.0,2660.0,120039700.0
2025-05-16 09:00:00+00:00,2710.0,2750.0,2680.0,2740.0,101569600.0
2025-05-19 09:00:00+00:00,2760.0,2860.0,2740.0,2820.0,164194700.0
2025-05-20 09:00:00+00:00,2830.0,2840.0,2740.0,2740.0,129805200.0
2025-05-21 09:00:00+00:00,2710.0,2780.0,2690.0,2750.0,120242100.0
2025-05-22 09:00:00+00:00,2750.0,2850.0,2750.0,2800.0,131277300.0
2025-05-23 09:00:00+00:00,2710.0,2720.0,2690.0,2690.0,141199500.0
2025-05-26 09:00:00+00:00,2720.0,2820.0,2700.0,2800.0,186806300.0
2025-05-27 09:00:00+00:00,2840.0,2880.0,2790.0,2830.0,279180500.0
2025-05-28 09:00:00+00:00,2860.0,2870.0,2800.0,2820.0,531309500.0
2025-06-02 09:00:00+00:00,2780.0,2820.0,2750.0,2780.0,211393400.0
2025-06-03 09:00:00+00:00,2780.0,2830.0,2730.0,2800.0,142896600.0
2025-06-04 09:00:00+00:00,2810.0,2860.0,2810.0,2820.0,125006700.0
2025-06-05 09:00:00+00:00,2850.0,2850.0,2820.0,2840.0,95008500.0
2025-06-10 09:00:00+00:00,2920.0,2920.0,2880.0,2910.0,213564000.0
2025-06-11 09:00:00+00:00,2750.0,2810.0,2730.0,2800.0,200609800.0
2025-06-12 09:00:00+00:00,2830.0,2830.0,2750.0,2780.0,97099100.0
2025-06-13 09:00:00+00:00,2770.0,2770.0,2720.0,2740.0,81111300.0
2025-06-16 09:00:00+00:00,2740.0,2770.0,2730.0,2740.0,46641000.0
2025-06-17 09:00:00+00:00,2800.0,2800.0,2760.0,2760.0,59643500.0
2025-06-18 09:00:00+00:00,2770.0,2800.0,2760.0,2770.0,70757600.0
2025-06-19 09:00:00+00:00,2740.0,2780.0,2630.0,2690.0,98911200.0
2025-06-20 09:00:00+00:00,2700.0,2710.0,2640.0,2640.0,243027500.0
2025-06-23 09:00:00+00:00,2610.0,2610.0,2560.0,2580.0,73554200.0
2025-06-24 09:00:00+00:00,2600.0,2670.0,2580.0,2590.0,107300200.0
2025-06-25 09:00:00+00:00,2650.0,2650.0,2560.0,2620.0,79958900.0
2025-06-26 09:00:00+00:00,2620.0,2710.0,2590.0,2710.0,132868200.0
2025-06-30 09:00:00+00:00,2780.0,2790.0,2730.0,2780.0,124299500.0
2025-07-01 09:00:00+00:00,2800.0,2810.0,2760.0,2810.0,73006700.0
2025-07-02 09:00:00+00:00,2820.0,2820.0,2730.0,2780.0,92321600.0
2025-07-03 09:00:00+00:00,2780.0,2810.0,2690.0,2710.0,69094400.0
2025-07-04 09:00:00+00:00,2710.0,2720.0,2620.0,2630.0,53587300.0
2025-07-07 09:00:00+00:00,2630.0,2700.0,2610.0,2700.0,33446600.0
2025-07-08 09:00:00+00:00,2680.0,2700.0,2640.0,2650.0,45926000.0
2025-07-09 09:00:00+00:00,2650.0,2680.0,2640.0,2670.0,44897100.0
2025-07-10 09:00:00+00:00,2690.0,2710.0,2650.0,2690.0,41108700.0
2025-07-11 09:00:00+00:00,2710.0,2730.0,2690.0,2730.0,47851300.0
2025-07-14 09:00:00+00:00,2700.0,2710.0,2640.0,2690.0,60458400.0
2025-07-15 09:00:00+00:00,2690.0,2690.0,2640.0,2640.0,35309100.0
2025-07-16 09:00:00+00:00,2660.0,2680.0,2650.0,2650.0,43385900.0
2025-07-17 09:00:00+00:00,2700.0,2770.0,2660.0,2770.0,102642100.0
2025-07-18 09:00:00+00:00,2800.0,2800.0,2750.0,2770.0,83762800.0
2025-07-21 09:00:00+00:00,2800.0,2800.0,2750.0,2800.0,52553200.0
2025-07-22 09:00:00+00:00,2800.0,2850.0,2800.0,2850.0,108243300.0
2025-07-23 09:00:00+00:00,2870.0,2870.0,2840.0,2850.0,86077600.0
2025-07-24 09:00:00+00:00,2860.0,2870.0,2800.0,2840.0,74224200.0
2025-07-25 09:00:00+00:00,2810.0,2830.0,2780.0,2820.0,41296200.0
2025-07-28 09:00:00+00:00,2870.0,2870.0,2830.0,2860.0,40193800.0
2025-07-29 09:00:00+00:00,2870.0,2880.0,2840.0,2880.0,46357400.0
2025-07-30 09:00:00+00:00,2890.0,2890.0,2850.0,2880.0,99062400.0
2025-07-31 09:00:00+00:00,2890.0,2930.0,2860.0,2880.0,201065700.0
2025-08-01 09:00:00+00:00,2960.0,2990.0,2910.0,2980.0,130977000.0
2025-08-04 09:00:00+00:00,3000.0,3030.0,2990.0,3030.0,96385300.0
2025-08-05 09:00:00+00:00,3050.0,3050.0,2990.0,3030.0,99396900.0
2025-08-06 09:00:00+00:00,3000.0,3010.0,2960.0,2990.0,86215200.0
2025-08-07 09:00:00+00:00,2990.0,2990.0,2930.0,2950.0,46506200.0
2025-08-08 09:00:00+00:00,2950.0,2960.0,2930.0,2940.0,46945800.0
2025-08-11 09:00:00+00:00,2990.0,3010.0,2970.0,2990.0,74978300.0
2025-08-12 09:00:00+00:00,3050.0,3200.0,3010.0,3180.0,217607800.0
2025-08-13 09:00:00+00:00,3220.0,3420.0,3210.0,3360.0,465722400.0
2025-08-14 09:00:00+00:00,3370.0,3490.0,3370.0,3420.0,232557200.0
2025-08-15 09:00:00+00:00,3360.0,3410.0,3310.0,3310.0,182893900.0
2025-08-19 09:00:00+00:00,3260.0,3330.0,3240.0,3250.0,164921000.0
2025-08-20 09:00:00+00:00,3220.0,3290.0,3220.0,3220.0,80084600.0
2025-08-21 09:00:00+00:00,3210.0,3270.0,3210.0,3250.0,63861900.0
2025-08-22 09:00:00+00:00,3270.0,3290.0,3220.0,3240.0,61351700.0
2025-08-25 09:00:00+00:00,3280.0,3350.0,3250.0,3310.0,93221500.0
2025-08-26 09:00:00+00:00,3310.0,3320.0,3230.0,3260.0,227364800.0
2025-08-27 09:00:00+00:00,3200.0,3250.0,3100.0,3170.0,118158900.0
2025-08-28 09:00:00+00:00,3160.0,3220.0,3150.0,3180.0,55940600.0
2025-08-29 09:00:00+00:00,3180.0,3210.0,3100.0,3130.0,72585500.0
2025-09-01 09:00:00+00:00,3080.0,3110.0,2960.0,3110.0,130027900.0
2025-09-02 09:00:00+00:00,3120.0,3140.0,3050.0,3070.0,64402900.0
2025-09-03 09:00:00+00:00,3080.0,3170.0,3070.0,3110.0,113875700.0
2025-09-04 09:00:00+00:00,3090.0,3170.0,3090.0,3150.0,37223800.0
2025-09-08 09:00:00+00:00,3300.0,3300.0,3090.0,3090.0,93725000.0
2025-09-09 09:00:00+00:00,3100.0,3130.0,3000.0,3050.0,104463400.0
2025-09-10 09:00:00+00:00,3070.0,3180.0,3050.0,3150.0,49840200.0
2025-09-11 09:00:00+00:00,3180.0,3190.0,3070.0,3080.0,71919900.0
2025-09-12 09:00:00+00:00,3090.0,3110.0,3050.0,3100.0,61521400.0
2025-09-15 09:00:00+00:00,3150.0,3260.0,3130.0,3260.0,115361300.0
2025-09-16 09:00:00+00:00,3300.0,3300.0,3260.0,3300.0,80642900.0
2025-09-17 09:00:00+00:00,3300.0,3340.0,3210.0,3340.0,73539700.0
2025-09-18 09:00:00+00:00,3400.0,3400.0,3230.0,3250.0,99501600.0
2025-09-19 09:00:00+00:00,3210.0,3300.0,3160.0,3230.0,113834400.0
2025-09-22 09:00:00+00:00,3300.0,3300.0,3190.0,3220.0,53704700.0
2025-09-23 09:00:00+00:00,3240.0,3260.0,3130.0,3190.0,40100300.0
2025-09-24 09:00:00+00:00,3190.0,3190.0,3150.0,3160.0,37086500.0
2025-09-25 09:00:00+00:00,3160.0,3200.0,3110.0,3120.0,37627500.0
2025-09-26 09:00:00+00:00,3100.0,3160.0,3090.0,3110.0,66789300.0
2025-09-29 09:00:00+00:00,3110.0,3130.0,3050.0,3080.0,85911300.0
2025-09-30 09:00:00+00:00,3090.0,3140.0,3060.0,3060.0,117025800.0
2025-10-01 09:00:00+00:00,3060.0,3100.0,3060.0,3060.0,59779700.0
2025-10-02 09:00:00+00:00,3070.0,3200.0,3060.0,3130.0,113431700.0
2025-10-03 09:00:00+00:00,3110.0,3130.0,3050.0,3070.0,59116700.0
2025-10-06 09:00:00+00:00,3080.0,3090.0,2960.0,3010.0,59707600.0
2025-10-07 09:00:00+00:00,3030.0,3050.0,3000.0,3010.0,30353000.0
2025-10-08 09:00:00+00:00,3030.0,3040.0,2940.0,2990.0,66090700.0
2025-10-09 09:00:00+00:00,2950.0,3020.0,2950.0,3010.0,54769300.0
2025-10-10 09:00:00+00:00,3030.0,3080.0,3000.0,3040.0,62254500.0
2025-10-13 09:00:00+00:00,3020.0,3070.0,2980.0,3020.0,46978500.0
2025-10-14 09:00:00+00:00,3050.0,3070.0,2960.0,2960.0,38518800.0
2025-10-15 09:00:00+00:00,3000.0,3090.0,2950.0,3080.0,67503700.0
2025-10-16 09:00:00+00:00,2970.0,3020.0,2900.0,2950.0,103687000.0
2025-10-17 09:00:00+00:00,2950.0,2960.0,2850.0,2880.0,82482200.0
2025-10-20 09:00:00+00:00,2930.0,2970.0,2900.0,2940.0,96029300.0
2025-10-21 09:00:00+00:00,2970.0,3290.0,2970.0,3280.0,223104600.0
2025-10-22 09:00:00+00:00,3220.0,3220.0,3120.0,3150.0,128796800.0
2025-10-23 09:00:00+00:00,3180.0,3400.0,3170.0,3360.0,218967200.0
2025-10-24 09:00:00+00:00,3370.0,3440.0,3290.0,3290.0,115104000.0
2025-10-27 09:00:00+00:00,3320.0,3360.0,3280.0,3330.0,105683900.0
2025-10-28 09:00:00+00:00,3330.0,3480.0,3270.0,3400.0,143082100.0
2025-10-29 09:00:00+00:00,3390.0,3390.0,3270.0,3290.0,93073800.0
2025-10-30 09:00:00+00:00,3290.0,3310.0,3200.0,3250.0,83523100.0
2025-10-31 09:00:00+00:00,3200.0,3250.0,3150.0,3210.0,126790400.0
2025-11-03 09:00:00+00:00,3210.0,3380.0,3210.0,3350.0,107151300.0
2025-11-04 09:00:00+00:00,3360.0,3590.0,3360.0,3500.0,227450800.0
2025-11-05 09:00:00+00:00,3600.0,3630.0,3510.0,3540.0,182624300.0
2025-11-06 09:00:00+00:00,3540.0,3550.0,3470.0,3480.0,71766000.0
2025-11-07 09:00:00+00:00,3460.0,3490.0,3420.0,3470.0,58917900.0
2025-11-10 09:00:00+00:00,3490.0,3550.0,3440.0,3440.0,88941900.0
2025-11-11 09:00:00+00:00,3500.0,3530.0,3470.0,3520.0,63130300.0
2025-11-12 09:00:00+00:00,3540.0,3590.0,3510.0,3560.0,61339600.0
2025-11-13 09:00:00+00:00,3570.0,3570.0,3480.0,3500.0,57467900.0
2025-11-14 09:00:00+00:00,3530.0,3560.0,3510.0,3550.0,55079600.0
2025-11-17 09:00:00+00:00,3570.0,3630.0,3560.0,3610.0,76833800.0
2025-11-18 09:00:00+00:00,3610.0,3630.0,3540.0,3620.0,97747000.0
2025-11-19 09:00:00+00:00,3620.0,3690.0,3620.0,3650.0,109911100.0
2025-11-20 09:00:00+00:00,3650.0,3660.0,3620.0,3640.0,52200700.0
2025-11-21 09:00:00+00:00,3590.0,3610.0,3460.0,3500.0,93181600.0
2025-11-24 09:00:00+00:00,3560.0,3700.0,3540.0,3700.0,241304000.0
2025-11-25 09:00:00+00:00,3690.0,3690.0,3560.0,3650.0,84816600.0
2025-11-26 09:00:00+00:00,3600.0,3720.0,3600.0,3720.0,111114600.0
2025-11-27 09:00:00+00:00,3700.0,3700.0,3560.0,3570.0,48436500.0
2025-11-28 09:00:00+00:00,3600.0,3630.0,3500.0,3510.0,70943000.0
2025-12-01 09:00:00+00:00,3530.0,3650.0,3520.0,3650.0,89045500.0
2025-12-02 09:00:00+00:00,3660.0,3670.0,3560.0,3560.0,62155900.0
2025-12-03 09:00:00+00:00,3590.0,3650.0,3580.0,3580.0,60429900.0
2025-12-04 09:00:00+00:00,3660.0,3660.0,3580.0,3630.0,38947500.0
2025-12-05 09:00:00+00:00,3630.0,3700.0,3610.0,3700.0,50641400.0
2025-12-08 09:00:00+00:00,3700.0,3700.0,3600.0,3630.0,64911000.0
2025-12-09 09:00:00+00:00,3650.0,3650.0,3520.0,3570.0,94381800.0
2025-12-10 09:00:00+00:00,3620.0,3700.0,3590.0,3640.0,68644900.0
2025-12-11 09:00:00+00:00,3670.0,3690.0,3500.0,3570.0,84823100.0
2025-12-12 09:00:00+00:00,3630.0,3630.0,3500.0,3550.0,67076200.0
2025-12-15 09:00:00+00:00,3550.0,3560.0,3460.0,3470.0,121707400.0
2025-12-16 09:00:00+00:00,3490.0,3550.0,3470.0,3520.0,120576700.0
2025-12-17 09:00:00+00:00,3540.0,3590.0,3490.0,3500.0,118452300.0
2025-12-18 09:00:00+00:00,3540.0,3580.0,3460.0,3460.0,111042200.0
2025-12-19 09:00:00+00:00,3520.0,3520.0,3390.0,3410.0,236770700.0
2025-12-22 09:00:00+00:00,3440.0,3490.0,3420.0,3470.0,113720300.0
2025-12-23 09:00:00+00:00,3470.0,3470.0,3420.0,3470.0,39083700.0
2025-12-24 09:00:00+00:00,3480.0,3500.0,3440.0,3460.0,30919800.0
2025-12-29 09:00:00+00:00,3480.0,3530.0,3460.0,3490.0,53079900.0
2025-12-30 09:00:00+00:00,3490.0,3510.0,3480.0,3480.0,48019100.0
2026-01-02 09:00:00+00:00,3510.0,3510.0,3450.0,3470.0,34812500.0
2026-01-05 09:00:00+00:00,3490.0,3590.0,3480.0,3580.0,77224000.0
2026-01-06 09:00:00+00:00,3600.0,3600.0,3490.0,3520.0,77477100.0
2026-01-07 09:00:00+00:00,3540.0,3550.0,3500.0,3540.0,60466200.0
2026-01-08 09:00:00+00:00,3540.0,3580.0,3520.0,3530.0,61219400.0
2026-01-09 09:00:00+00:00,3550.0,3560.0,3450.0,3450.0,82708700.0
2026-01-12 09:00:00+00:00,3470.0,3530.0,3460.0,3520.0,89165400.0
2026-01-13 09:00:00+00:00,3600.0,3660.0,3550.0,3620.0,129812000.0
2026-01-14 09:00:00+00:00,3690.0,3700.0,3610.0,3650.0,98179400.0
2026-01-15 09:00:00+00:00,3650.0,3680.0,3610.0,3660.0,83981800.0
2026-01-19 09:00:00+00:00,3590.0,3630.0,3490.0,3620.0,147127900.0
2026-01-20 09:00:00+00:00,3550.0,3680.0,3550.0,3600.0,89987800.0
2026-01-21 09:00:00+00:00,3670.0,3700.0,3570.0,3600.0,104120400.0
2026-01-22 09:00:00+00:00,3670.0,3790.0,3660.0,3740.0,149259700.0
2026-01-23 09:00:00+00:00,3790.0,3800.0,3730.0,3770.0,109079700.0
2026-01-26 09:00:00+00:00,3780.0,3850.0,3750.0,3850.0,91258600.0
2026-01-27 09:00:00+00:00,3850.0,3990.0,3730.0,3940.0,161704800.0
2026-01-28 09:00:00+00:00,3800.0,3800.0,3390.0,3470.0,439277400.0
2026-01-29 09:00:00+00:00,3420.0,3500.0,3100.0,3450.0,582049700.0
2026-01-30 09:00:00+00:00,3550.0,3740.0,3540.0,3600.0,332372800.0
2026-02-02 09:00:00+00:00,3670.0,3700.0,3430.0,3500.0,157041400.0
2026-02-03 09:00:00+00:00,3540.0,3550.0,3420.0,3450.0,155611200.0
2026-02-04 09:00:00+00:00,3420.0,3440.0,3260.0,3330.0,215692700.0
2026-02-05 09:00:00+00:00,3350.0,3360.0,3260.0,3290.0,148908600.0
2026-02-06 09:00:00+00:00,3310.0,3390.0,3270.0,3380.0,137552600.0
2026-02-09 09:00:00+00:00,3430.0,3430.0,3340.0,3350.0,109053400.0
2026-02-10 09:00:00+00:00,3380.0,3430.0,3360.0,3400.0,129254100.0
2026-02-11 09:00:00+00:00,3430.0,3530.0,3420.0,3530.0,151785400.0
2026-02-12 09:00:00+00:00,3500.0,3560.0,3470.0,3560.0,114656400.0
2026-02-13 09:00:00+00:00,3540.0,3550.0,3440.0,3450.0,102244000.0
2026-02-18 09:00:00+00:00,3470.0,3510.0,3460.0,3490.0,82797000.0
2026-02-19 09:00:00+00:00,3500.0,3500.0,3460.0,3480.0,70690600.0
2026-02-20 09:00:00+00:00,3490.0,3510.0,3430.0,3480.0,75231500.0
2026-02-23 09:00:00+00:00,3480.0,3550.0,3480.0,3550.0,59621900.0
2026-02-24 09:00:00+00:00,3600.0,3600.0,3510.0,3580.0,119024300.0
2026-02-25 09:00:00+00:00,3580.0,3660.0,3580.0,3600.0,66237300.0
2026-02-26 09:00:00+00:00,3560.0,3650.0,3510.0,3650.0,111136200.0
2026-02-27 09:00:00+00:00,3630.0,3630.0,3530.0,3540.0,140862100.0
2026-03-02 09:00:00+00:00,3440.0,3490.0,3410.0,3450.0,80022100.0
2026-03-03 09:00:00+00:00,3520.0,3530.0,3440.0,3450.0,125403800.0
2026-03-04 09:00:00+00:00,3430.0,3450.0,3110.0,3200.0,206478300.0
2026-03-05 09:00:00+00:00,3300.0,3350.0,3210.0,3260.0,137853600.0
2026-03-06 09:00:00+00:00,3270.0,3290.0,3180.0,3190.0,84932600.0
2026-03-09 09:00:00+00:00,3160.0,3160.0,3000.0,3100.0,126776600.0
2026-03-10 09:00:00+00:00,3120.0,3150.0,2930.0,2960.0,288339600.0
2026-03-11 09:00:00+00:00,3000.0,3020.0,2930.0,3000.0,209073500.0
2026-03-12 09:00:00+00:00,3020.0,3060.0,2980.0,3020.0,100856000.0
2026-03-13 09:00:00+00:00,3030.0,3050.0,2920.0,2970.0,102546800.0
2026-03-16 09:00:00+00:00,2970.0,2980.0,2830.0,2960.0,95426400.0
2026-03-17 09:00:00+00:00,3050.0,3050.0,2960.0,3050.0,164842700.0
2026-03-25 09:00:00+00:00,3140.0,3300.0,3130.0,3300.0,228354400.0
2026-03-26 09:00:00+00:00,3240.0,3260.0,3130.0,3170.0,130477500.0
2026-03-27 09:00:00+00:00,3150.0,3160.0,3050.0,3050.0,72337500.0
2026-03-30 09:00:00+00:00,3050.0,3110.0,3030.0,3040.0,115529200.0
2026-03-31 09:00:00+00:00,3130.0,3130.0,3040.0,3060.0,95463800.0
2026-04-01 09:00:00+00:00,3150.0,3150.0,3100.0,3150.0,68303100.0
2026-04-02 09:00:00+00:00,3150.0,3160.0,3080.0,3130.0,56283200.0
2026-04-06 09:00:00+00:00,3200.0,3200.0,3100.0,3160.0,37192400.0
2026-04-07 09:00:00+00:00,3150.0,3160.0,3060.0,3100.0,49528200.0
2026-04-08 09:00:00+00:00,3150.0,3180.0,3110.0,3160.0,78411200.0
2026-04-09 09:00:00+00:00,3170.0,3190.0,3120.0,3190.0,58857300.0
2026-04-10 09:00:00+00:00,3190.0,3220.0,3170.0,3210.0,70335700.0
2026-04-13 09:00:00+00:00,3130.0,3200.0,3130.0,3190.0,77410000.0
2026-04-14 09:00:00+00:00,3190.0,3200.0,3110.0,3120.0,92852900.0
2026-04-15 09:00:00+00:00,3120.0,3150.0,3060.0,3090.0,89181500.0
2026-04-16 09:00:00+00:00,3100.0,3150.0,3100.0,3120.0,57013000.0
2026-04-17 09:00:00+00:00,3120.0,3150.0,3080.0,3100.0,96349500.0
2026-04-20 09:00:00+00:00,3130.0,3160.0,3050.0,3100.0,142308900.0
2026-04-21 09:00:00+00:00,3050.0,3070.0,2980.0,3010.0,137586500.0
2026-04-22 09:00:00+00:00,3010.0,3030.0,2990.0,3000.0,57088500.0
2026-04-23 09:00:00+00:00,3010.0,3020.0,2880.0,2880.0,164145000.0
2026-04-24 09:00:00+00:00,2880.0,2940.0,2750.0,2810.0,254588000.0
2026-04-27 09:00:00+00:00,2850.0,2850.0,2810.0,2830.0,77838700.0
2026-04-28 09:00:00+00:00,2790.0,2820.0,2750.0,2820.0,146311100.0
2026-04-29 09:00:00+00:00,2820.0,2880.0,2800.0,2870.0,144598700.0
2026-04-30 09:00:00+00:00,2860.0,2870.0,2810.0,2810.0,134260800.0
2026-05-04 09:00:00+00:00,2840.0,2890.0,2840.0,2890.0,81120300.0
2026-05-05 09:00:00+00:00,2910.0,2940.0,2870.0,2880.0,71127200.0
2026-05-06 09:00:00+00:00,2890.0,2910.0,2870.0,2900.0,82205900.0
2026-05-07 09:00:00+00:00,2950.0,2980.0,2920.0,2930.0,102205600.0
2026-05-08 09:00:00+00:00,2930.0,3000.0,2900.0,2960.0,102107300.0
2026-05-11 09:00:00+00:00,2990.0,3010.0,2920.0,2960.0,58491000.0
2026-05-12 09:00:00+00:00,3000.0,3000.0,2860.0,2950.0,91619700.0
2026-05-13 09:00:00+00:00,2950.0,2970.0,2920.0,2960.0,62623700.0
2026-05-14 09:00:00+00:00,2960.0,2960.0,2960.0,2960.0,0.0
2026-05-15 09:00:00+00:00,2960.0,2960.0,2960.0,2960.0,0.0
2026-05-18 09:00:00+00:00,2910.0,3080.0,2860.0,3080.0,148994300.0
2026-05-19 09:00:00+00:00,3080.0,3130.0,3030.0,3080.0,147808100.0
2026-05-20 09:00:00+00:00,3130.0,3190.0,3100.0,3100.0,191400600.0
2026-05-21 09:00:00+00:00,3100.0,3120.0,2950.0,3000.0,141907000.0
2026-05-22 09:00:00+00:00,3000.0,3010.0,2850.0,2920.0,138085300.0
2026-05-25 09:00:00+00:00,2880.0,2960.0,2870.0,2930.0,88999600.0
2026-05-26 09:00:00+00:00,2950.0,3100.0,2940.0,3090.0,136083800.0
2026-05-27 09:00:00+00:00,3090.0,3090.0,3090.0,3090.0,0.0
2026-05-28 09:00:00+00:00,3090.0,3090.0,3090.0,3090.0,0.0
2026-05-29 09:00:00+00:00,2900.0,3170.0,2900.0,3030.0,835364400.0
2026-06-02 09:00:00+00:00,2990.0,3020.0,2910.0,2950.0,242446000.0
2026-06-03 09:00:00+00:00,2900.0,2950.0,2850.0,2850.0,168085400.0
2026-06-04 09:00:00+00:00,2900.0,2950.0,2680.0,2900.0,197151900.0
2026-06-05 09:00:00+00:00,2900.0,2930.0,2760.0,2760.0,105040300.0
2026-06-08 09:00:00+00:00,2620.0,2650.0,2350.0,2350.0,331947700.0
2026-06-09 09:00:00+00:00,2510.0,2620.0,2510.0,2620.0,371055600.0
2026-06-10 09:00:00+00:00,2500.0,2810.0,2500.0,2810.0,391732600.0
2026-06-11 09:00:00+00:00,2870.0,2970.0,2810.0,2870.0,274793100.0
2026-06-12 09:00:00+00:00,2910.0,2980.0,2860.0,2860.0,181531900.0
2026-06-15 09:00:00+00:00,2900.0,2970.0,2890.0,2930.0,156789000.0
2026-06-17 09:00:00+00:00,2950.0,3030.0,2940.0,2960.0,200799700.0
2026-06-18 09:00:00+00:00,2800.0,2800.0,2670.0,2780.0,210813900.0
2026-06-19 09:00:00+00:00,2700.0,2710.0,2580.0,2580.0,374544500.0
2026-06-22 09:00:00+00:00,2580.0,2590.0,2500.0,2510.0,194270900.0
2026-06-23 09:00:00+00:00,2500.0,2610.0,2500.0,2540.0,173184800.0
2026-06-24 09:00:00+00:00,2570.0,2590.0,2480.0,2500.0,173348900.0
2026-06-25 09:00:00+00:00,2530.0,2540.0,2500.0,2500.0,94937900.0
2026-06-26 09:00:00+00:00,2420.0,2480.0,2370.0,2480.0,220918000.0
2026-06-29 09:00:00+00:00,2470.0,2470.0,2410.0,2410.0,124858100.0
2026-06-30 09:00:00+00:00,2390.0,2400.0,2350.0,2350.0,318664200.0
2026-07-01 09:00:00+00:00,2380.0,2450.0,2350.0,2440.0,111997100.0
2026-07-02 09:00:00+00:00,2470.0,2490.0,2420.0,2450.0,112046100.0
2026-07-03 09:00:00+00:00,2480.0,2540.0,2470.0,2520.0,83587600.0
2026-07-06 09:00:00+00:00,2520.0,2530.0,2470.0,2480.0,48614200.0
2026-07-07 09:00:00+00:00,2460.0,2480.0,2420.0,2480.0,119404100.0
2026-07-08 09:00:00+00:00,2480.0,2540.0,2470.0,2510.0,98228500.0
2026-07-09 09:00:00+00:00,2500.0,2510.0,2450.0,2510.0,68742100.0
2026-07-10 09:00:00+00:00,2480.0,2500.0,2440.0,2480.0,129033800.0
2026-07-13 09:00:00+00:00,2480.0,2520.0,2460.0,2510.0,80358400.0
2026-07-14 09:00:00+00:00,2500.0,2600.0,2490.0,2560.0,118565500.0
2026-07-15 09:00:00+00:00,2560.0,2570.0,2490.0,2520.0,142706600.0
2026-07-16 09:00:00+00:00,2520.0,2560.0,2510.0,2530.0,56858100.0
2026-07-17 09:00:00+00:00,2550.0,2670.0,2540.0,2660.0,143963900.0
2026-07-20 09:00:00+00:00,2670.0,2750.0,2660.0,2710.0,146905500.0
2026-07-21 09:00:00+00:00,2770.0,2770.0,2700.0,2750.0,140279600.0
2026-07-22 09:00:00+00:00,2730.0,2730.0,2670.0,2700.0,122114100.0
2026-07-23 09:00:00+00:00,2710.0,2710.0,2650.0,2650.0,91296700.0
2026-07-24 09:00:00+00:00,2600.0,2630.0,2580.0,2630.0,92442500.0
2026-07-27 09:00:00+00:00,2670.0,2670.0,2560.0,2590.0,60467000.0
2026-07-28 09:00:00+00:00,2580.0,2620.0,2560.0,2560.0,69694800.0
2026-07-29 09:00:00+00:00,2560.0,2610.0,2540.0,2560.0,76414900.0
2026-07-30 09:00:00+00:00,2600.0,2670.0,2590.0,2670.0,103302600.0
2026-07-31 09:00:00+00:00,2670.0,2680.0,2600.0,2630.0,91987400.0
2026-08-03 09:00:00+00:00,2600.0,2740.0,2600.0,2740.0,112278700.0
2026-08-04 09:00:00+00:00,2740.0,2790.0,2710.0,2790.0,90753600.0
2026-08-05 09:00:00+00:00,2780.0,2780.0,2700.0,2710.0,109494500.0
2026-08-06 09:00:00+00:00,2710.0,2720.0,2650.0,2650.0,138223900.0
2026-08-07 09:00:00+00:00,2650.0,2720.0,2650.0,2710.0,66412400.0
2026-08-10 09:00:00+00:00,2720.0,2730.0,2620.0,2620.0,93974000.0
2026-08-11 09:00:00+00:00,2640.0,2650.0,2570.0,2610.0,84124100.0
2026-08-12 09:00:00+00:00,2610.0,2620.0,2570.0,2590.0,120373100.0
2026-08-13 09:00:00+00:00,2600.0,2610.0,2570.0,2590.0,76115000.0
2026-08-14 09:00:00+00:00,2600.0,2630.0,2590.0,2620.0,80799200.0
2026-08-18 09:00:00+00:00,2640.0,2640.0,2600.0,2600.0,80089000.0
2026-08-19 09:00:00+00:00,2600.0,2610.0,2580.0,2600.0,45580300.0
2026-08-20 09:00:00+00:00,2610.0,2620.0,2590.0,2610.0,86747700.0
2026-08-21 09:00:00+00:00,2610.0,2640.0,2610.0,2610.0,72276500.0
2026-08-24 09:00:00+00:00,2620.0,2640.0,2600.0,2620.0,46321100.0
2026-08-25 09:00:00+00:00,2620.0,2620.0,2620.0,2620.0,0.0
2026-08-26 09:00:00+00:00,2630.0,2630.0,2590.0,2600.0,82579200.0
2026-08-27 09:00:00+00:00,2590.0,2610.0,2550.0,2610.0,115845900.0
2026-08-28 09:00:00+00:00,2620.0,2620.0,2570.0,2570.0,78958600.0
2026-08-31 09:00:00+00:00,2570.0,2600.0,2560.0,2600.0,204591800.0
2026-09-01 09:00:00+00:00,2600.0,2630.0,2590.0,2610.0,82430900.0
2026-09-02 09:00:00+00:00,2600.0,2610.0,2560.0,2590.0,105899600.0
2026-09-03 09:00:00+00:00,2600.0,2610.0,2580.0,2600.0,76989700.0
2026-09-04 09:00:00+00:00,2610.0,2630.0,2590.0,2610.0,84953700.0
